-1003.92,5.89194
-1002.94,10.5434
-1001.96,3.68689
-1000.98,6.41676
-1000,15.8035
-999.02,8.07574
-998.039,7.38808
-997.059,14.1903
-996.078,8.81677
-995.098,22.2289
-994.118,10.5359
-993.137,15.6042
-992.157,1.6028
-991.177,9.06159
-990.196,16.0767
-989.216,26.6475
-988.235,36.6764
-987.255,23.4262
-986.275,12.2958
-985.294,16.6758
-984.314,20.0566
-983.333,6.84526
-982.353,19.7303
-981.373,27.6412
-980.392,32.5566
-979.412,32.7437
-978.431,7.68074
-977.451,12.1709
-976.471,16.1614
-975.49,22.7509
-974.51,10.6143
-973.529,9.29214
-972.549,4.90068
-971.569,13.2345
-970.588,4.86064
-969.608,11.4005
-968.627,11.58
-967.647,9.86258
-966.667,15.0194
-965.686,10.4051
-964.706,26.7031
-963.726,31.5049
-962.745,29.2077
-961.765,17.73
-960.784,13.6164
-959.804,5.63904
-958.824,15.3523
-957.843,2.47589
-956.863,0.734192
-955.882,9.58814
-954.902,11.3396
-953.922,18.4948
-952.941,6.05518
-951.961,0.659507
-950.98,13.2863
-950,27.888
-949.02,7.53907
-948.039,14.0923
-947.059,12.4208
-946.078,9.27269
-945.098,6.01718
-944.118,9.59493
-943.137,11.0687
-942.157,6.95174
-941.177,13.7886
-940.196,15.653
-939.216,10.9887
-938.235,26.48
-937.255,16.2926
-936.275,2.62224
-935.294,17.3234
-934.314,17.6729
-933.333,15.623
-932.353,3.35291
-931.373,16.0045
-930.392,19.642
-929.412,16.9855
-928.431,27.304
-927.451,25.6639
-926.471,18.446
-925.49,9.73714
-924.51,19.2287
-923.529,10.7284
-922.549,11.7993
-921.569,18.2196
-920.588,7.58084
-919.608,8.03879
-918.627,22.8306
-917.647,33.123
-916.667,12.2105
-915.686,5.24798
-914.706,16.5757
-913.726,18.8844
-912.745,13.0533
-911.765,8.8425
-910.784,11.3013
-909.804,23.0221
-908.824,10.0571
-907.843,10.71
-906.863,19.6376
-905.882,21.2824
-904.902,14.9353
-903.922,9.65012
-902.941,11.1767
-901.961,8.61715
-900.98,6.60107
-900,13.7022
-899.02,13.4329
-898.039,16.8776
-897.059,14.9844
-896.078,28.0328
-895.098,10.2227
-894.118,2.70453
-893.137,7.23229
-892.157,14.5804
-891.177,10.3827
-890.196,16.2018
-889.216,24.5015
-888.235,13.1193
-887.255,4.06269
-886.275,14.6481
-885.294,15.0772
-884.314,15.3916
-883.333,20.9308
-882.353,14.2448
-881.373,14.1383
-880.392,21.7445
-879.412,13.0635
-878.431,29.8885
-877.451,17.789
-876.471,34.9828
-875.49,31.9002
-874.51,21.3687
-873.529,32.2061
-872.549,39.7834
-871.569,21.5716
-870.588,21.5808
-869.608,3.19587
-868.627,14.25
-867.647,3.30409
-866.667,22.5634
-865.686,20.0104
-864.706,12.0499
-863.726,20.4746
-862.745,26.9426
-861.765,29.1898
-860.784,9.79657
-859.804,9.65597
-858.824,10.2496
-857.843,3.60176
-856.863,14.1005
-855.882,14.0616
-854.902,17.2268
-853.922,28.4261
-852.941,13.1609
-851.961,29.1618
-850.98,40.6295
-850,13.4196
-849.02,13.2464
-848.039,39.6009
-847.059,10.8224
-846.078,16.6653
-845.098,26.8215
-844.118,14.0714
-843.137,26.1928
-842.157,35.2873
-841.177,21.1994
-840.196,11.4748
-839.216,14.4994
-838.235,20.2117
-837.255,32.5619
-836.275,31.2962
-835.294,17.2328
-834.314,11.8145
-833.333,7.2661
-832.353,12.6916
-831.373,7.00585
-830.392,20.8638
-829.412,5.63913
-828.431,7.02557
-827.451,26.3991
-826.471,39.2816
-825.49,72.9993
-824.51,30.3241
-823.529,19.0711
-822.549,16.7634
-821.569,14.1406
-820.588,21.4721
-819.608,19.8951
-818.627,15.6867
-817.647,13.9644
-816.667,14.1578
-815.686,9.53933
-814.706,17.148
-813.726,26.2082
-812.745,14.4093
-811.765,9.2687
-810.784,13.6855
-809.804,19.2938
-808.824,14.4373
-807.843,17.7638
-806.863,2.44384
-805.882,12.4001
-804.902,25.6005
-803.922,29.5718
-802.941,12.1651
-801.961,12.0562
-800.98,9.26643
-800,15.8206
-799.02,25.5862
-798.039,37.8904
-797.059,13.874
-796.078,33.1424
-795.098,32.9144
-794.118,18.4538
-793.137,34.9475
-792.157,33.9957
-791.177,27.8192
-790.196,16.4722
-789.216,19.1036
-788.235,6.63711
-787.255,4.38804
-786.275,9.89358
-785.294,10.8387
-784.314,13.8917
-783.333,20.4429
-782.353,27.4427
-781.373,42.0937
-780.392,36.5564
-779.412,46.6143
-778.431,32.6134
-777.451,28.9036
-776.471,39.6172
-775.49,21.3695
-774.51,32.6888
-773.529,65.7988
-772.549,51.4396
-771.569,33.9071
-770.588,20.4316
-769.608,16.3922
-768.627,24.0669
-767.647,16.1733
-766.667,14.4261
-765.686,17.8526
-764.706,15.1211
-763.726,9.24939
-762.745,17.5665
-761.765,9.63646
-760.784,22.3313
-759.804,20.386
-758.824,18.7075
-757.843,22.0019
-756.863,5.14187
-755.882,15.3076
-754.902,6.12026
-753.922,30.5169
-752.941,26.88
-751.961,12.9709
-750.98,27.7922
-750,7.33338
-749.02,38.0974
-748.039,9.39125
-747.059,34.5706
-746.078,41.0444
-745.098,15.2558
-744.118,23.5306
-743.137,22.3499
-742.157,18.2839
-741.177,19.7966
-740.196,9.33664
-739.216,8.91914
-738.235,14.4079
-737.255,6.62145
-736.275,25.9808
-735.294,36.2105
-734.314,35.4137
-733.333,15.0957
-732.353,48.8594
-731.373,35.1487
-730.392,6.36475
-729.412,16.32
-728.431,19.7601
-727.451,13.0371
-726.471,19.9442
-725.49,12.9086
-724.51,3.91753
-723.529,13.8822
-722.549,16.107
-721.569,14.7581
-720.588,26.1257
-719.608,34.2472
-718.627,22.8945
-717.647,28.6761
-716.667,20.4433
-715.686,12.8201
-714.706,23.5246
-713.726,6.3116
-712.745,13.2146
-711.765,31.1712
-710.784,31.9985
-709.804,23.1653
-708.824,55.7949
-707.843,16.4847
-706.863,23.2257
-705.882,21.8016
-704.902,32.5905
-703.922,29.4432
-702.941,15.5926
-701.961,11.009
-700.98,21.1961
-700,10.3209
-699.02,32.3536
-698.039,27.4552
-697.059,9.21238
-696.078,22.9034
-695.098,19.1829
-694.118,15.0108
-693.137,9.72581
-692.157,14.5674
-691.177,16.8071
-690.196,9.60226
-689.216,17.9735
-688.235,22.6047
-687.255,19.5297
-686.275,13.9417
-685.294,35.4492
-684.314,24.9206
-683.333,19.3662
-682.353,48.9271
-681.373,17.3591
-680.392,36.1626
-679.412,16.8995
-678.431,16.9725
-677.451,36.0433
-676.471,23.4437
-675.49,9.57735
-674.51,25.4434
-673.529,44.3666
-672.549,34.9341
-671.569,18.9365
-670.588,32.0177
-669.608,63.5928
-668.627,95.2291
-667.647,74.7502
-666.667,21.2965
-665.686,20.4476
-664.706,46.4997
-663.726,43.4221
-662.745,17.6505
-661.765,10.2604
-660.784,16.3077
-659.804,23.7708
-658.824,23.0776
-657.843,31.677
-656.863,32.0495
-655.882,26.1684
-654.902,12.0301
-653.922,25.4532
-652.941,7.12035
-651.961,31.0475
-650.98,12.5934
-650,21.2102
-649.02,23.5104
-648.039,20.2528
-647.059,50.8606
-646.078,46.1649
-645.098,22.0078
-644.118,20.5571
-643.137,11.9615
-642.157,14.9918
-641.176,21.7126
-640.196,43.2103
-639.216,15.1259
-638.235,47.4796
-637.255,30.8474
-636.275,22.3634
-635.294,14.6539
-634.314,25.5198
-633.333,12.1353
-632.353,17.9229
-631.373,42.8798
-630.392,48.9298
-629.412,36.9805
-628.431,35.7999
-627.451,43.985
-626.471,52.6832
-625.49,44.3923
-624.51,27.5743
-623.529,16.2401
-622.549,30.6971
-621.569,49.8291
-620.588,41.5763
-619.608,25.9539
-618.627,18.9507
-617.647,48.4095
-616.667,8.31274
-615.686,28.3832
-614.706,36.8361
-613.726,38.1503
-612.745,29.3933
-611.765,40.8313
-610.784,62.81
-609.804,47.4482
-608.824,26.6777
-607.843,21.9112
-606.863,27.375
-605.882,22.236
-604.902,70.5192
-603.922,55.5876
-602.941,50.7469
-601.961,22.059
-600.98,38.7507
-600,24.2302
-599.02,53.9512
-598.039,54.503
-597.059,28.5662
-596.078,32.8647
-595.098,11.4838
-594.118,49.2614
-593.137,29.7064
-592.157,54.0151
-591.176,38.4093
-590.196,23.1098
-589.216,46.9127
-588.235,11.883
-587.255,10.2924
-586.275,32.4188
-585.294,20.7531
-584.314,17.7005
-583.333,37.5432
-582.353,52.1975
-581.373,23.5904
-580.392,45.0454
-579.412,20.986
-578.431,7.92946
-577.451,16.1311
-576.471,25.5826
-575.49,40.8141
-574.51,20.0833
-573.529,23.9639
-572.549,16.242
-571.569,9.98844
-570.588,35.0174
-569.608,50.7458
-568.627,12.4613
-567.647,6.37609
-566.667,26.725
-565.686,39.8898
-564.706,65.0869
-563.726,38.32
-562.745,21.6279
-561.765,11.3741
-560.784,38.8863
-559.804,30.6059
-558.824,28.6056
-557.843,26.7259
-556.863,9.06153
-555.882,23.5022
-554.902,25.4638
-553.922,3.96423
-552.941,37.5982
-551.961,47.8562
-550.98,46.7028
-550,31.715
-549.02,5.50844
-548.039,15.0037
-547.059,20.8421
-546.078,27.499
-545.098,33.5002
-544.118,60.0392
-543.137,70.9904
-542.157,44.102
-541.176,4.10729
-540.196,12.2582
-539.216,33.0568
-538.235,27.3601
-537.255,16.7983
-536.275,15.3177
-535.294,18.5118
-534.314,29.4595
-533.333,25.6856
-532.353,33.6795
-531.373,16.338
-530.392,25.356
-529.412,48.7309
-528.431,42.7553
-527.451,42.9323
-526.471,18.1834
-525.49,36.186
-524.51,25.443
-523.529,26.609
-522.549,4.43125
-521.569,17.3889
-520.588,19.2694
-519.608,5.95663
-518.627,14.9813
-517.647,19.2659
-516.667,23.2946
-515.686,34.4896
-514.706,27.8946
-513.726,20.894
-512.745,48.9529
-511.765,34.637
-510.784,29.2038
-509.804,26.5103
-508.824,20.4576
-507.843,12.5669
-506.863,23.4826
-505.882,13.9537
-504.902,17.0334
-503.922,11.9129
-502.941,9.59115
-501.961,27.4582
-500.98,37.2376
-500,62.8581
-499.02,48.7226
-498.039,33.1442
-497.059,7.29689
-496.078,16.177
-495.098,7.53255
-494.118,9.84548
-493.137,23.2166
-492.157,27.0871
-491.176,30.5059
-490.196,20.111
-489.216,29.4799
-488.235,8.86262
-487.255,16.3334
-486.275,50.8818
-485.294,58.5657
-484.314,31.3581
-483.333,34.1274
-482.353,35.5683
-481.373,41.5443
-480.392,21.2461
-479.412,43.4606
-478.431,32.0104
-477.451,77.5695
-476.471,59.3522
-475.49,21.808
-474.51,8.4686
-473.529,20.117
-472.549,16.0858
-471.569,39.6613
-470.588,26.8003
-469.608,23.4545
-468.627,17.1061
-467.647,52.4854
-466.667,56.1082
-465.686,23.8073
-464.706,52.9983
-463.725,23.4691
-462.745,1.57805
-461.765,18.1736
-460.784,6.56204
-459.804,19.4408
-458.824,21.9321
-457.843,31.964
-456.863,31.3866
-455.882,6.74772
-454.902,12.4984
-453.922,50.3739
-452.941,36.8521
-451.961,54.7316
-450.98,9.45977
-450,11.0073
-449.02,27.7006
-448.039,62.9479
-447.059,39.0089
-446.078,15.869
-445.098,5.7932
-444.118,39.8242
-443.137,41.7471
-442.157,32.2777
-441.176,21.0881
-440.196,23.232
-439.216,24.5629
-438.235,34.165
-437.255,31.5582
-436.275,13.2565
-435.294,18.5474
-434.314,21.2476
-433.333,52.4117
-432.353,53.9259
-431.373,17.1895
-430.392,26.4812
-429.412,27.521
-428.431,16.706
-427.451,30.8312
-426.471,28.1075
-425.49,41.2327
-424.51,79.7231
-423.529,34.3576
-422.549,29.4392
-421.569,17.8421
-420.588,29.5197
-419.608,32.6582
-418.627,68.4996
-417.647,60.5116
-416.667,12.9735
-415.686,25.9408
-414.706,41.8901
-413.725,10.8968
-412.745,23.6783
-411.765,16.0795
-410.784,34.9624
-409.804,29.5939
-408.824,21.9785
-407.843,13.578
-406.863,24.7801
-405.882,20.6829
-404.902,12.7582
-403.922,51.8792
-402.941,39.4567
-401.961,24.1952
-400.98,21.0186
-400,13.7732
-399.02,24.1287
-398.039,19.7206
-397.059,44.226
-396.078,44.0522
-395.098,42.4571
-394.118,37.3678
-393.137,37.8525
-392.157,26.8841
-391.176,23.4805
-390.196,41.7008
-389.216,51.0185
-388.235,45.2482
-387.255,25.3944
-386.275,41.2154
-385.294,41.6775
-384.314,20.8912
-383.333,33.6904
-382.353,48.2257
-381.373,22.9422
-380.392,16.8435
-379.412,17.8014
-378.431,22.9509
-377.451,27.5951
-376.471,16.4189
-375.49,27.154
-374.51,25.9507
-373.529,17.9088
-372.549,6.97891
-371.569,27.5599
-370.588,4.79404
-369.608,32.0693
-368.627,43.5213
-367.647,25.5665
-366.667,31.5397
-365.686,18.6749
-364.706,73.9168
-363.725,100.249
-362.745,50.6541
-361.765,68.4047
-360.784,40.9365
-359.804,40.449
-358.824,15.2643
-357.843,40.2599
-356.863,286.628
-355.882,330.342
-354.902,99.3174
-353.922,36.5652
-352.941,51.6481
-351.961,40.0114
-350.98,18.5009
-350,10.902
-349.02,73.7257
-348.039,51.124
-347.059,12.426
-346.078,62.8947
-345.098,45.2061
-344.118,49.6503
-343.137,83.0247
-342.157,54.5786
-341.176,28.4837
-340.196,79.081
-339.216,115.067
-338.235,126.536
-337.255,63.9765
-336.275,66.0859
-335.294,34.4778
-334.314,48.5089
-333.333,62.4396
-332.353,74.8428
-331.373,65.4256
-330.392,39.6073
-329.412,41.477
-328.431,75.9853
-327.451,44.365
-326.471,35.6896
-325.49,24.8005
-324.51,35.9006
-323.529,34.5636
-322.549,57.897
-321.569,68.5874
-320.588,9.6884
-319.608,23.6059
-318.627,22.1013
-317.647,13.8588
-316.667,37.5398
-315.686,56.9548
-314.706,58.5832
-313.725,38.1755
-312.745,36.6926
-311.765,16.5472
-310.784,22.3701
-309.804,32.415
-308.824,42.4671
-307.843,53.996
-306.863,10.4465
-305.882,39.8126
-304.902,80.4243
-303.922,27.1593
-302.941,77.4065
-301.961,39.4056
-300.98,39.062
-300,28.1849
-299.02,28.3282
-298.039,46.0648
-297.059,4.72273
-296.078,21.5291
-295.098,10.9537
-294.118,27.3602
-293.137,37.8868
-292.157,67.7523
-291.176,51.9203
-290.196,23.9765
-289.216,29.7392
-288.235,20.2441
-287.255,22.924
-286.275,54.6231
-285.294,73.0935
-284.314,46.7282
-283.333,27.0964
-282.353,28.2071
-281.373,50.7696
-280.392,55.2392
-279.412,108.705
-278.431,87.4417
-277.451,118.866
-276.471,55.432
-275.49,15.7675
-274.51,62.3442
-273.529,23.8862
-272.549,26.5443
-271.569,47.6697
-270.588,35.521
-269.608,36.2567
-268.627,64.1686
-267.647,40.5938
-266.667,93.1803
-265.686,59.4927
-264.706,84.3884
-263.725,60.8969
-262.745,59.1667
-261.765,85.454
-260.784,157.778
-259.804,203.846
-258.824,78.9325
-257.843,30.0528
-256.863,68.2463
-255.882,41.7837
-254.902,24.7282
-253.922,45.0685
-252.941,40.6164
-251.961,28.9096
-250.98,33.5929
-250,56.7128
-249.02,60.6967
-248.039,57.3538
-247.059,26.4876
-246.078,10.4162
-245.098,28.4941
-244.118,32.2221
-243.137,28.6662
-242.157,33.5385
-241.176,46.3982
-240.196,57.9305
-239.216,59.0124
-238.235,29.3824
-237.255,35.0739
-236.275,59.0839
-235.294,68.5716
-234.314,53.4499
-233.333,45.9495
-232.353,17.7167
-231.373,53.3846
-230.392,86.9932
-229.412,5.94675
-228.431,35.1501
-227.451,57.8607
-226.471,36.477
-225.49,30.5119
-224.51,53.6406
-223.529,64.0699
-222.549,44.4382
-221.569,27.5009
-220.588,80.1417
-219.608,68.3824
-218.627,32.1329
-217.647,31.3903
-216.667,62.607
-215.686,18.7728
-214.706,34.5932
-213.725,34.1122
-212.745,56.1641
-211.765,25.2074
-210.784,25.1961
-209.804,57.5447
-208.824,103.462
-207.843,82.659
-206.863,63.377
-205.882,44.1145
-204.902,28.7028
-203.922,52.1114
-202.941,62.7663
-201.961,17.9701
-200.98,95.068
-200,148.902
-199.02,59.5123
-198.039,29.2382
-197.059,35.3736
-196.078,39.1216
-195.098,39.9564
-194.118,57.3755
-193.137,101.767
-192.157,21.3321
-191.176,27.643
-190.196,72.6419
-189.216,86.18
-188.235,14.4587
-187.255,28.0235
-186.275,49.6444
-185.294,73.968
-184.314,51.8392
-183.333,26.2632
-182.353,41.6313
-181.373,13.2039
-180.392,55.0229
-179.412,51.9841
-178.431,54.6378
-177.451,34.7401
-176.471,72.966
-175.49,60.7954
-174.51,29.5099
-173.529,66.3346
-172.549,74.4964
-171.569,64.0309
-170.588,47.7206
-169.608,25.7744
-168.627,128.011
-167.647,78.017
-166.667,109.254
-165.686,98.2135
-164.706,99.3448
-163.725,89.3204
-162.745,115.387
-161.765,102.645
-160.784,36.7531
-159.804,71.8701
-158.824,70.8588
-157.843,20.2049
-156.863,68.2077
-155.882,100.746
-154.902,135.269
-153.922,113.618
-152.941,47.3919
-151.961,53.8443
-150.98,48.9731
-150,58.3042
-149.02,32.16
-148.039,103.677
-147.059,71.643
-146.078,34.6384
-145.098,44.1244
-144.118,90.9017
-143.137,32.1501
-142.157,65.5112
-141.176,80.3767
-140.196,106.541
-139.216,5.05461
-138.235,65.0536
-137.255,39.0366
-136.275,96.1847
-135.294,150.426
-134.314,76.6625
-133.333,124.444
-132.353,159.982
-131.373,50.1145
-130.392,92.6165
-129.412,41.61
-128.431,23.671
-127.451,21.2493
-126.471,27.9147
-125.49,29.0294
-124.51,30.6387
-123.529,44.9797
-122.549,47.2934
-121.569,43.0295
-120.588,36.1198
-119.608,41.2964
-118.627,68.0377
-117.647,25.257
-116.667,103.412
-115.686,35.2921
-114.706,59.7968
-113.725,57.2827
-112.745,44.3579
-111.765,57.2961
-110.784,83.442
-109.804,119.713
-108.824,63.4038
-107.843,53.8522
-106.863,47.0384
-105.882,67.7386
-104.902,54.2031
-103.922,39.0241
-102.941,54.6023
-101.961,88.1307
-100.98,57.291
-100,41.8489
-99.0196,122.53
-98.0392,108.066
-97.0588,36.9952
-96.0784,111.774
-95.098,108.639
-94.1176,102.524
-93.1373,87.9801
-92.1569,36.0829
-91.1765,35.8734
-90.1961,64.0384
-89.2157,30.0394
-88.2353,30.3526
-87.2549,33.0126
-86.2745,59.3911
-85.2941,70.7451
-84.3137,137.68
-83.3333,181.105
-82.3529,58.059
-81.3726,119.4
-80.3922,140.647
-79.4118,89.9108
-78.4314,49.1397
-77.451,99.6467
-76.4706,61.8599
-75.4902,107.486
-74.5098,76.6654
-73.5294,55.2494
-72.549,73.6368
-71.5686,82.8827
-70.5882,219.54
-69.6078,178.381
-68.6274,143.154
-67.6471,55.8455
-66.6667,113.349
-65.6863,170.277
-64.7059,214.383
-63.7255,255.175
-62.7451,146.609
-61.7647,285.433
-60.7843,357.686
-59.8039,312.434
-58.8235,404.227
-57.8431,469.451
-56.8627,570.194
-55.8824,909.243
-54.902,658.339
-53.9216,337.931
-52.9412,379.209
-51.9608,56.5651
-50.9804,116.922
-50,294.805
-49.0196,398.195
-48.0392,469.07
-47.0588,184.21
-46.0784,79.146
-45.098,22.3839
-44.1176,92.3635
-43.1373,86.5983
-42.1569,118.4
-41.1765,112.707
-40.1961,59.7224
-39.2157,83.3973
-38.2353,32.7896
-37.2549,125.616
-36.2745,61.3928
-35.2941,87.483
-34.3137,45.928
-33.3333,146.869
-32.3529,213.193
-31.3725,234.962
-30.3922,179.076
-29.4118,196.32
-28.4314,303.47
-27.451,361.297
-26.4706,251.129
-25.4902,260.448
-24.5098,182.708
-23.5294,218.215
-22.549,178.497
-21.5686,46.9973
-20.5882,271.4
-19.6078,201.121
-18.6275,249.744
-17.6471,79.7869
-16.6667,109.841
-15.6863,152.599
-14.7059,49.371
-13.7255,86.2685
-12.7451,63.2168
-11.7647,50.9142
-10.7843,184.003
-9.80392,78.247
-8.82353,100.157
-7.84314,113.603
-6.86275,85.705
-5.88235,67.0591
-4.90196,123.236
-3.92157,96.6492
-2.94118,131.898
-1.96078,72.4703
-0.980392,157.253
0,54.6105
0.980392,177.191
1.96078,213.352
2.94118,195.525
3.92157,106.551
4.90196,267.652
5.88235,204.984
6.86275,128.072
7.84314,72.06
8.82353,115.654
9.80392,25.8236
10.7843,134.88
11.7647,179.613
12.7451,91.2869
13.7255,35.5342
14.7059,38.182
15.6863,36.2288
16.6667,64.7216
17.6471,65.7656
18.6275,57.9266
19.6078,81.3994
20.5882,11.7218
21.5686,20.5939
22.549,151.087
23.5294,206.871
24.5098,78.5288
25.4902,79.1794
26.4706,173.01
27.451,185.077
28.4314,95.5563
29.4118,123.591
30.3922,65.6096
31.3725,118.856
32.3529,105.199
33.3333,74.9245
34.3137,139.814
35.2941,111.359
36.2745,57.8831
37.2549,185.01
38.2353,127.379
39.2157,28.9734
40.1961,123.473
41.1765,60.4754
42.1569,60.5948
43.1373,116.715
44.1176,64.0054
45.098,144.989
46.0784,153.041
47.0588,137.944
48.0392,43.6202
49.0196,67.3683
50,53.3161
50.9804,53.7636
51.9608,100.66
52.9412,92.6507
53.9216,27.7952
54.902,88.2826
55.8824,27.1599
56.8627,69.5433
57.8431,45.3339
58.8235,91.6283
59.8039,137.599
60.7843,45.2692
61.7647,94.2904
62.7451,4.40026
63.7255,115.186
64.7059,107.444
65.6863,69.725
66.6667,36.8949
67.6471,110.609
68.6274,107.068
69.6078,9.26986
70.5882,87.953
71.5686,145.723
72.549,42.3946
73.5294,95.3743
74.5098,53.7201
75.4902,92.3264
76.4706,24.1097
77.451,127.125
78.4314,77.0356
79.4118,91.2839
80.3922,50.6107
81.3726,115.736
82.3529,96.0031
83.3333,123.481
84.3137,43.4863
85.2941,106.325
86.2745,67.3949
87.2549,52.3725
88.2353,10.1569
89.2157,93.0229
90.1961,80.5663
91.1765,123.513
92.1569,76.3354
93.1373,58.9482
94.1176,71.3213
95.098,83.1189
96.0784,20.0643
97.0588,96.8061
98.0392,59.5241
99.0196,14.1589
100,74.2116
100.98,37.6859
101.961,80.2421
102.941,126.637
103.922,39.7538
104.902,65.8285
105.882,107.729
106.863,37.3519
107.843,73.8141
108.824,40.9207
109.804,122.044
110.784,120.304
111.765,208.981
112.745,122.299
113.725,62.9768
114.706,46.5381
115.686,41.1785
116.667,17.3602
117.647,53.6391
118.627,56.3808
119.608,84.2436
120.588,65.0289
121.569,13.1282
122.549,34.7216
123.529,76.0038
124.51,83.2886
125.49,32.1831
126.471,80.9413
127.451,100.322
128.431,54.9739
129.412,67.7451
130.392,83.4202
131.373,101.86
132.353,29.001
133.333,64.74
134.314,27.3937
135.294,17.7032
136.275,77.2619
137.255,107.192
138.235,45.8621
139.216,97.1705
140.196,48.4944
141.176,60.3157
142.157,74.7149
143.137,48.1935
144.118,46.1855
145.098,29.9474
146.078,64.2182
147.059,37.3629
148.039,67.1198
149.02,57.9409
150,20.1245
150.98,13.6007
151.961,65.0426
152.941,44.6641
153.922,67.7926
154.902,54.3609
155.882,139.812
156.863,82.2622
157.843,65.0461
158.824,64.0946
159.804,22.0484
160.784,19.7139
161.765,41.2236
162.745,70.3782
163.725,69.5213
164.706,19.4014
165.686,62.8616
166.667,45.2549
167.647,25.644
168.627,94.0696
169.608,31.509
170.588,68.6432
171.569,65.4205
172.549,80.2681
173.529,68.2822
174.51,55.8009
175.49,39.5383
176.471,39.2392
177.451,62.5475
178.431,78.0392
179.412,21.1205
180.392,50.4121
181.373,73.9331
182.353,29.9151
183.333,29.3615
184.314,54.7352
185.294,59.5844
186.275,53.8294
187.255,44.6541
188.235,10.8037
189.216,28.3665
190.196,53.0803
191.176,43.5196
192.157,29.4939
193.137,28.5446
194.118,43.8922
195.098,37.7762
196.078,31.4051
197.059,9.40714
198.039,12.718
199.02,5.12383
200,10.3306
200.98,25.1207
201.961,54.5428
202.941,33.0497
203.922,43.1078
204.902,69.0991
205.882,29.2943
206.863,34.7753
207.843,57.8224
208.824,89.2196
209.804,63.427
210.784,27.6079
211.765,24.1071
212.745,40.6312
213.725,63.4818
214.706,38.758
215.686,43.685
216.667,82.1197
217.647,59.4374
218.627,15.2742
219.608,23.1074
220.588,22.7743
221.569,33.0269
222.549,59.8445
223.529,65.6231
224.51,14.6206
225.49,66.7479
226.471,81.1359
227.451,105.707
228.431,52.6889
229.412,129.199
230.392,16.4064
231.373,79.976
232.353,81.1312
233.333,40.3624
234.314,65.7012
235.294,13.9677
236.275,20.2046
237.255,70.9319
238.235,124.742
239.216,106.921
240.196,66.3742
241.176,43.2536
242.157,18.4864
243.137,36.3823
244.118,62.848
245.098,74.2227
246.078,37.6511
247.059,46.0668
248.039,19.9894
249.02,25.8214
250,48.2175
250.98,50.445
251.961,39.1367
252.941,21.2036
253.922,28.3735
254.902,36.3929
255.882,7.44899
256.863,11.6052
257.843,7.62215
258.824,54.8816
259.804,71.8173
260.784,51.4081
261.765,27.3917
262.745,41.1881
263.725,44.3261
264.706,50.2254
265.686,86.1254
266.667,102.778
267.647,169.578
268.627,251.955
269.608,118.453
270.588,14.5955
271.569,16.0769
272.549,53.2758
273.529,61.8402
274.51,31.4124
275.49,40.843
276.471,28.552
277.451,63.6674
278.431,43.9139
279.412,43.4424
280.392,58.0556
281.373,62.8129
282.353,47.0244
283.333,46.9561
284.314,31.7355
285.294,55.973
286.275,3.87081
287.255,58.9192
288.235,49.5346
289.216,27.1533
290.196,38.4279
291.176,17.308
292.157,22.7548
293.137,78.4426
294.118,44.1794
295.098,17.608
296.078,0.598437
297.059,7.67155
298.039,40.9045
299.02,86.8917
300,61.5154
300.98,36.321
301.961,50.7979
302.941,46.7072
303.922,43.2597
304.902,10.7769
305.882,10.4568
306.863,38.7267
307.843,54.1132
308.824,25.9803
309.804,37.4194
310.784,44.0179
311.765,41.7739
312.745,61.8234
313.725,33.6369
314.706,19.1881
315.686,37.6899
316.667,39.5439
317.647,9.18072
318.627,57.9399
319.608,52.3266
320.588,49.5135
321.569,59.1221
322.549,20.5869
323.529,17.8172
324.51,60.4716
325.49,63.9093
326.471,23.4604
327.451,21.1713
328.431,53.2871
329.412,42.8315
330.392,52.4309
331.373,40.1543
332.353,67.8574
333.333,76.0644
334.314,80.4937
335.294,10.6851
336.275,16.6901
337.255,11.3369
338.235,37.3663
339.216,30.5493
340.196,33.8022
341.176,61.4746
342.157,75.0193
343.137,27.6554
344.118,85.886
345.098,45.7265
346.078,42.8204
347.059,23.297
348.039,38.1151
349.02,11.8969
350,38.7456
350.98,31.6721
351.961,30.7313
352.941,24.7587
353.922,59.6095
354.902,62.1026
355.882,33.3065
356.863,29.8169
357.843,11.1892
358.824,65.4646
359.804,43.2338
360.784,69.1775
361.765,108.739
362.745,243.963
363.725,150.628
364.706,16.0063
365.686,29.2076
366.667,23.9031
367.647,65.7917
368.627,32.994
369.608,18.0428
370.588,62.8495
371.569,75.4101
372.549,97.0271
373.529,54.6029
374.51,95.8719
375.49,67.8673
376.471,76.7986
377.451,65.1405
378.431,73.7748
379.412,62.1332
380.392,81.5598
381.373,99.7735
382.353,66.0055
383.333,49.2068
384.314,23.7361
385.294,44.1093
386.275,14.0719
387.255,52.7189
388.235,33.7704
389.216,52.1724
390.196,51.8645
391.176,58.7625
392.157,62.3231
393.137,16.5791
394.118,45.5669
395.098,65.0082
396.078,103.309
397.059,82.3778
398.039,32.6582
399.02,54.1534
400,58.9586
400.98,7.47156
401.961,38.1228
402.941,37.3738
403.922,28.4888
404.902,37.4151
405.882,58.2873
406.863,50.0952
407.843,6.11682
408.824,45.4983
409.804,76.7722
410.784,70.0169
411.765,10.4154
412.745,35.1484
413.725,3.2777
414.706,17.7887
415.686,47.6066
416.667,78.0266
417.647,29.1459
418.627,23.5602
419.608,40.1094
420.588,47.8193
421.569,46.5961
422.549,23.5775
423.529,24.3881
424.51,53.8888
425.49,9.86815
426.471,16.9074
427.451,37.2172
428.431,49.1433
429.412,43.5161
430.392,37.1196
431.373,63.1866
432.353,52.9031
433.333,26.3991
434.314,31.4073
435.294,32.6323
436.275,33.5777
437.255,48.2854
438.235,47.2139
439.216,15.239
440.196,16.0249
441.176,5.23629
442.157,40.9624
443.137,41.1324
444.118,68.9489
445.098,65.7853
446.078,10.3097
447.059,47.5861
448.039,48.4348
449.02,27.9947
450,18.7174
450.98,21.4912
451.961,31.0354
452.941,51.9875
453.922,59.4431
454.902,60.9487
455.882,46.9692
456.863,26.6478
457.843,45.0514
458.824,30.283
459.804,33.9737
460.784,20.3221
461.765,29.7702
462.745,36.2663
463.725,64.9486
464.706,69.8717
465.686,59.6422
466.667,32.5058
467.647,17.0853
468.627,36.2657
469.608,55.7755
470.588,68.7683
471.569,80.1172
472.549,53.035
473.529,28.2465
474.51,35.9419
475.49,44.8301
476.471,60.379
477.451,46.5654
478.431,63.7772
479.412,69.6562
480.392,43.9617
481.373,18.393
482.353,30.907
483.333,37.8451
484.314,57.2043
485.294,34.5004
486.275,59.4697
487.255,55.7428
488.235,53.4713
489.216,58.9679
490.196,82.5182
491.176,65.4538
492.157,49.1503
493.137,22.1068
494.118,23.1747
495.098,39.1678
496.078,36.8528
497.059,42.3982
498.039,39.4336
499.02,15.7809
500,33.964
500.98,12.8044
501.961,68.5912
502.941,56.9104
503.922,76.2262
504.902,41.3702
505.882,16.5972
506.863,23.4521
507.843,23.9053
508.824,80.6462
509.804,75.3511
510.784,21.0433
511.765,27.5614
512.745,35.1216
513.726,27.0997
514.706,48.1162
515.686,59.253
516.667,22.1485
517.647,60.5165
518.627,49.2963
519.608,7.23245
520.588,48.2232
521.569,9.32828
522.549,52.4081
523.529,68.6689
524.51,66.2212
525.49,76.5582
526.471,62.5308
527.451,95.3249
528.431,109.859
529.412,94.5522
530.392,47.8791
531.373,20.914
532.353,14.6364
533.333,23.5619
534.314,42.2957
535.294,16.4466
536.275,6.06563
537.255,13.9613
538.235,63.1874
539.216,74.7805
540.196,27.6025
541.176,11.1034
542.157,15.4204
543.137,6.22362
544.118,28.9271
545.098,31.2848
546.078,52.866
547.059,55.1183
548.039,36.8262
549.02,49.8868
550,23.2952
550.98,14.8259
551.961,20.4369
552.941,49.9829
553.922,37.9765
554.902,25.1304
555.882,38.575
556.863,61.4223
557.843,63.0517
558.824,43.0872
559.804,38.6337
560.784,16.3631
561.765,48.9712
562.745,33.9832
563.726,39.7854
564.706,17.5611
565.686,24.1786
566.667,58.0194
567.647,63.5434
568.627,41.7945
569.608,36.7213
570.588,3.85214
571.569,26.7928
572.549,13.3199
573.529,28.8396
574.51,26.7852
575.49,44.6312
576.471,52.6363
577.451,60.7358
578.431,23.3087
579.412,25.8158
580.392,57.1552
581.373,74.0972
582.353,27.107
583.333,8.12136
584.314,11.3985
585.294,12.8157
586.275,26.7751
587.255,41.3811
588.235,25.1515
589.216,16.2137
590.196,38.6627
591.176,55.1639
592.157,24.64
593.137,21.4382
594.118,48.1073
595.098,43.7205
596.078,40.1328
597.059,57.4295
598.039,56.8612
599.02,12.7507
600,14.2385
600.98,49.7763
601.961,81.5885
602.941,36.144
603.922,31.9082
604.902,26.2884
605.882,44.8373
606.863,64.4909
607.843,36.6275
608.824,32.4229
609.804,10.1267
610.784,51.4166
611.765,55.3941
612.745,69.3797
613.726,34.816
614.706,23.5554
615.686,30.2687
616.667,9.54398
617.647,26.2592
618.627,37.4072
619.608,31.2212
620.588,16.7195
621.569,21.035
622.549,25.8834
623.529,26.7611
624.51,1.29729
625.49,32.7357
626.471,67.2427
627.451,60.0706
628.431,60.607
629.412,51.5197
630.392,66.8543
631.373,41.2303
632.353,24.4815
633.333,64.1168
634.314,40.2523
635.294,38.0108
636.275,10.1986
637.255,32.1555
638.235,99.6194
639.216,90.8142
640.196,41.2417
641.176,38.9905
642.157,58.392
643.137,42.8122
644.118,22.3326
645.098,4.19643
646.078,22.4219
647.059,56.0708
648.039,59.8577
649.02,8.81587
650,37.6018
650.98,48.3061
651.961,57.9614
652.941,49.7389
653.922,5.30983
654.902,21.6636
655.882,25.8555
656.863,18.8745
657.843,38.8324
658.824,12.1996
659.804,38.3443
660.784,27.7378
661.765,27.5157
662.745,64.492
663.726,73.7941
664.706,84.6357
665.686,71.8651
666.667,54.0627
667.647,25.7179
668.627,79.1754
669.608,98.6954
670.588,30.5477
671.569,37.4717
672.549,46.9941
673.529,28.5907
674.51,44.7353
675.49,47.0062
676.471,35.755
677.451,46.0618
678.431,83.8922
679.412,82.9337
680.392,47.1035
681.373,46.7937
682.353,37.953
683.333,62.6645
684.314,51.6554
685.294,9.72984
686.275,28.5334
687.255,21.1264
688.235,26.5849
689.216,77.5937
690.196,37.2866
691.177,42.6713
692.157,12.4143
693.137,22.8307
694.118,25.2925
695.098,30.0727
696.078,21.6943
697.059,50.0713
698.039,50.3893
699.02,84.2228
700,49.6483
700.98,54.1004
701.961,35.3151
702.941,38.4126
703.922,51.1023
704.902,53.6908
705.882,30.9298
706.863,34.0227
707.843,10.8189
708.824,65.4157
709.804,62.2014
710.784,50.7722
711.765,62.4376
712.745,55.3428
713.726,55.5377
714.706,52.7154
715.686,35.8873
716.667,38.4009
717.647,84.2898
718.627,44.5278
719.608,21.9607
720.588,26.9964
721.569,43.8807
722.549,86.0992
723.529,81.9731
724.51,29.9563
725.49,42.6705
726.471,63.216
727.451,103.818
728.431,136.402
729.412,51.2666
730.392,19.6672
731.373,27.5888
732.353,53.6859
733.333,112.055
734.314,135.603
735.294,74.8647
736.275,36.2141
737.255,12.3825
738.235,48.312
739.216,49.704
740.196,14.8359
741.177,61.1926
742.157,25.1083
743.137,29.2427
744.118,23.8724
745.098,44.6077
746.078,53.7961
747.059,37.9585
748.039,47.7472
749.02,22.3572
750,45.1041
750.98,33.9418
751.961,18.0704
752.941,11.5384
753.922,50.9585
754.902,48.6661
755.882,43.3217
756.863,41.7195
757.843,21.9378
758.824,9.95054
759.804,49.8092
760.784,41.684
761.765,66.9635
762.745,67.521
763.726,85.9005
764.706,59.726
765.686,41.7152
766.667,14.8739
767.647,26.1585
768.627,29.7299
769.608,54.7439
770.588,23.9215
771.569,37.9535
772.549,65.0708
773.529,72.6803
774.51,9.52341
775.49,34.566
776.471,66.0625
777.451,57.8759
778.431,63.6839
779.412,24.3407
780.392,25.2656
781.373,21.5918
782.353,24.1113
783.333,2.25494
784.314,8.58989
785.294,24.9902
786.275,15.3164
787.255,37.5969
788.235,69.9521
789.216,46.2131
790.196,32.663
791.177,49.1516
792.157,30.7906
793.137,19.2986
794.118,47.3659
795.098,32.5384
796.078,78.6184
797.059,76.2617
798.039,59.1851
799.02,11.3687
800,27.0039
800.98,28.2344
801.961,55.7274
802.941,25.6785
803.922,28.4267
804.902,20.3926
805.882,32.1079
806.863,42.0377
807.843,32.5783
808.824,48.46
809.804,60.6157
810.784,47.5279
811.765,42.3131
812.745,28.4155
813.726,25.405
814.706,33.7827
815.686,19.2711
816.667,19.1971
817.647,20.3307
818.627,11.8155
819.608,30.8181
820.588,30.6321
821.569,38.3709
822.549,62.3261
823.529,28.5581
824.51,36.8087
825.49,34.1714
826.471,39.922
827.451,62.6504
828.431,55.09
829.412,42.3066
830.392,46.1432
831.373,50.5862
832.353,56.954
833.333,16.797
834.314,33.128
835.294,12.7997
836.275,35.9012
837.255,60.6561
838.235,30.2452
839.216,7.61841
840.196,7.89576
841.177,22.7063
842.157,32.215
843.137,19.9201
844.118,39.2213
845.098,34.201
846.078,27.0041
847.059,7.8607
848.039,13.9024
849.02,39.3075
850,51.8688
850.98,50.3363
851.961,20.5011
852.941,18.0989
853.922,22.4767
854.902,85.9488
855.882,82.1653
856.863,57.2359
857.843,11.2564
858.824,4.6956
859.804,25.1335
860.784,29.0465
861.765,40.8307
862.745,33.5182
863.726,15.1166
864.706,12.2855
865.686,19.2753
866.667,13.3017
867.647,22.5578
868.627,26.5482
869.608,14.7523
870.588,24.2285
871.569,17.1316
872.549,8.77044
873.529,15.4306
874.51,27.9995
875.49,38.5246
876.471,31.3611
877.451,6.67502
878.431,31.5007
879.412,38.5093
880.392,31.2468
881.373,32.1279
882.353,35.4163
883.333,23.1404
884.314,3.03086
885.294,8.93531
886.275,35.3459
887.255,36.0373
888.235,17.8794
889.216,52.1578
890.196,42.5071
891.177,14.0668
892.157,31.2364
893.137,52.4148
894.118,27.8589
895.098,19.3196
896.078,6.3986
897.059,23.1827
898.039,52.4903
899.02,32.8063
900,21.5836
900.98,36.8917
901.961,27.9788
902.941,16.7863
903.922,12.4495
904.902,31.077
905.882,31.0409
906.863,27.7447
907.843,20.6265
908.824,13.3591
909.804,26.7091
910.784,22.1796
911.765,20.0946
912.745,11.5804
913.726,26.1946
914.706,17.885
915.686,40.1035
916.667,44.3813
917.647,24.9476
918.627,13.742
919.608,13.0523
920.588,25.3511
921.569,35.9738
922.549,18.6869
923.529,10.4262
924.51,29.0308
925.49,26.3031
926.471,22.5449
927.451,28.4521
928.431,31.3514
929.412,47.197
930.392,56.2275
931.373,61.0468
932.353,25.5363
933.333,16.3357
934.314,22.7733
935.294,15.6633
936.275,10.5565
937.255,7.62965
938.235,24.7174
939.216,25.2497
940.196,19.6077
941.177,5.8485
942.157,29.1083
943.137,35.8409
944.118,10.5578
945.098,15.1332
946.078,11.7003
947.059,20.5922
948.039,24.5437
949.02,13.0498
950,17.6935
950.98,33.3288
951.961,27.6365
952.941,55.3607
953.922,30.074
954.902,34.9823
955.882,41.5666
956.863,6.2619
957.843,13.5795
958.824,18.8159
959.804,22.8832
960.784,15.2762
961.765,28.4288
962.745,32.5531
963.726,19.034
964.706,11.6712
965.686,18.0936
966.667,13.2645
967.647,12.9518
968.627,12.9232
969.608,7.3533
970.588,9.07973
971.569,14.9191
972.549,8.60655
973.529,14.8765
974.51,21.4612
975.49,22.0126
976.471,8.6221
977.451,6.65454
978.431,15.6663
979.412,39.8915
980.392,34.2213
981.373,27.2913
982.353,19.7749
983.333,22.0394
984.314,26.4942
985.294,18.211
986.275,25.2486
987.255,34.1248
988.235,21.2232
989.216,12.4808
990.196,5.35548
991.177,17.1555
992.157,24.3746
993.137,29.7813
994.118,16.0044
995.098,18.7444
996.078,27.845
997.059,6.67762
998.039,32.1757
999.02,21.7156
1000,26.821
1000.98,17.7102
1001.96,30.566
1002.94,13.3767
