0,-30.83,-36.098
0.498047,-11.514,-27.848
0.996094,-22.816,-28.0899
1.49414,-16.6939,-22.0999
1.99219,-8.58392,-13.4219
2.49023,1.92797,-20.8797
2.98828,-6.62986,-16.2497
3.48633,-4.15188,-10.8017
3.98438,-10.7256,-14.7914
4.48242,-6.58168,-13.1254
4.98047,7.49356,-8.33552
5.47852,7.0115,-12.7331
5.97656,7.73734,-17.1485
6.47461,6.08939,-22.4598
6.97266,-3.4356,-24.9271
7.4707,1.54979,-19.5554
7.96875,2.98555,-27.5078
8.4668,-2.3596,-22.1342
8.96484,5.80289,-15.5011
9.46289,6.6146,-21.5514
9.96094,16.2142,-20.7291
10.459,13.5445,-19.9488
10.957,7.64782,-25.3848
11.4551,9.15315,-30.7684
11.9531,5.32219,-37.0414
12.4512,8.9827,-25.0948
12.9492,16.2235,-27.9069
13.4473,20.5712,-33.9534
13.9453,25.5562,-35.1078
14.4434,22.5508,-31.0946
14.9414,17.7526,-27.1716
15.4395,18.0198,-30.045
15.9375,23.5598,-27.4794
16.4355,22.1218,-19.7793
16.9336,25.4027,-22.6366
17.4316,18.3368,-23.8828
17.9297,12.1327,-12.7543
18.4277,22.2021,-6.42083
18.9258,22.8346,-11.6541
19.4238,16.2155,-6.06657
19.9219,21.1281,-3.74248
20.4199,16.9812,-3.74829
20.918,20.4488,-0.763208
21.416,20.1041,-2.13767
21.9141,18.9484,-4.51685
22.4121,18.3561,-4.37478
22.9102,17.8458,-5.27743
23.4082,29.4197,0.0479385
23.9063,24.0534,4.95728
24.4043,21.0422,-0.960642
24.9023,23.6931,-0.0718936
25.4004,13.8648,8.33324
25.8984,13.4965,1.29793
26.3965,17.4252,3.62201
26.8945,10.5938,-4.49628
27.3926,7.5206,0.311444
27.8906,8.51028,6.14265
28.3887,13.592,-5.21602
28.8867,7.6229,5.63284
29.3848,12.664,10.239
29.8828,8.04893,3.44869
30.3809,-7.63726,11.1815
30.8789,3.76946,6.91035
31.377,-9.2344,7.30093
31.875,-2.14283,11.2748
32.373,6.93872,7.63698
32.8711,-3.65661,7.0918
33.3691,1.54392,16.9132
33.8672,8.30737,12.2726
34.3652,-1.05105,5.43276
34.8633,-5.14514,10.0151
35.3613,-6.73,9.99829
35.8594,-10.793,18.2981
36.3574,-12.2395,14.1655
36.8555,-11.455,16.098
37.3535,-2.18077,17.8109
37.8516,3.16323,11.6404
38.3496,0.715499,13.5506
38.8477,2.06858,8.4198
39.3457,5.34831,9.19218
39.8438,5.37173,3.78172
40.3418,1.14955,3.3869
40.8398,10.1239,3.08178
41.3379,11.1407,-4.88415
41.8359,5.0689,-9.7295
42.334,-0.784655,-6.47241
42.832,0.641202,-2.85753
43.3301,7.93058,-4.37048
43.8281,1.09699,-5.51679
44.3262,12.5673,-6.36027
44.8242,12.0504,-8.85567
45.3223,1.26183,-3.77555
45.8203,10.4856,-3.9642
46.3184,1.95601,2.91114
46.8164,7.76749,0.342216
47.3145,10.9337,-1.59152
47.8125,7.60262,-1.26512
48.3105,15.7585,-0.968619
48.8086,16.6893,-3.0686
49.3066,19.3997,-1.7976
49.8047,9.50785,-4.83743
50.3027,13.5543,0.540742
50.8008,22.8118,4.17633
51.2988,14.2547,-2.78256
51.7969,15.8487,-12.1921
52.2949,22.7856,-9.29346
52.793,18.1753,-10.3811
53.291,9.84142,-9.92883
53.7891,9.6912,-0.0695201
54.2871,8.80616,0.957275
54.7852,0.170777,1.52906
55.2832,0.97093,1.99944
55.7813,-3.35313,-2.79329
56.2793,0.788052,1.16719
56.7773,2.03834,-7.83579
57.2754,1.47645,-7.40807
57.7734,6.73243,-9.29007
58.2715,10.3284,-6.44185
58.7695,12.505,0.396735
59.2676,24.0922,-2.21346
59.7656,14.3835,-0.251856
60.2637,4.30471,1.18572
60.7617,8.89565,0.884214
61.2598,6.71191,10.4881
61.7578,8.44317,13.0552
62.2559,11.0993,0.178351
62.7539,4.18467,2.36775
63.2519,14.7967,10.8524
63.75,15.1055,11.8768
64.248,6.01671,16.0182
64.7461,7.93458,19.1701
65.2441,4.70815,22.0341
65.7422,10.072,21.5397
66.2402,15.3215,21.4334
66.7383,11.5828,17.9134
67.2363,6.46815,15.4314
67.7344,0.23542,18.1926
68.2324,2.08877,23.0852
68.7305,0.0138427,19.4445
69.2285,-1.43951,18.077
69.7266,-2.58793,20.6165
70.2246,0.488244,18.6106
70.7227,-0.294478,20.5582
71.2207,-2.44041,17.4998
71.7188,-1.21506,4.54411
72.2168,-6.00708,7.62293
72.7148,1.54249,9.04364
73.2129,-2.76456,10.3375
73.7109,-6.39094,14.3673
74.209,-1.25941,4.35858
74.707,-6.57026,9.884
75.2051,-2.55344,10.0954
75.7031,-4.26155,15.6355
76.2012,-2.40853,13.0546
76.6992,-3.10823,1.80853
77.1973,-8.28973,2.23215
77.6953,-18.5814,-4.11059
78.1934,-10.8748,2.68075
78.6914,-1.69684,3.32666
79.1895,-2.85511,-1.89947
79.6875,0.173364,-3.37072
80.1855,-6.46638,-3.47053
80.6836,-5.25995,2.98149
81.1816,-7.73581,-5.36526
81.6797,-12.4096,-7.49022
82.1777,-6.98886,-6.25868
82.6758,-5.492,-4.55929
83.1738,-2.20935,-8.14883
83.6719,-2.20695,-2.75377
84.1699,-9.29211,-7.1505
84.668,-5.97328,-0.788444
85.166,-7.22822,-4.1144
85.6641,-17.3839,-8.13084
86.1621,-19.9368,5.19348
86.6602,-7.7896,4.23173
87.1582,-11.3962,-0.795495
87.6562,-12.792,6.1368
88.1543,-3.35539,4.93197
88.6523,-8.66643,10.7766
89.1504,-7.74614,10.3053
89.6484,-12.1828,2.45658
90.1465,-18.4008,15.0894
90.6445,-11.1793,15.296
91.1426,-10.9475,8.06697
91.6406,-15.3384,18.8103
92.1387,-11.0054,6.31905
92.6367,-14.6106,8.0558
93.1348,-10.932,16.0238
93.6328,-4.15245,7.52533
94.1309,-1.69194,10.5433
94.6289,-0.0234951,5.86565
95.1269,-11.5936,-6.93892
95.625,-12.4383,1.36594
96.123,-0.884335,6.65404
96.6211,4.50673,-7.63053
97.1191,0.555387,-12.418
97.6172,0.0254157,-10.0221
98.1152,2.20489,1.68689
98.6133,6.54471,11.4674
99.1113,1.6607,2.27223
99.6094,0.24221,3.13701
100.107,-0.53703,0.298786
100.605,-2.22376,0.281141
101.104,0.111259,3.20698
101.602,5.64941,1.79337
102.1,4.8774,-5.42173
102.598,3.22806,-8.194
103.096,2.80606,-3.50611
103.594,-2.83461,1.00206
104.092,-2.6546,4.74203
104.59,4.69408,-0.6099
105.088,5.1624,1.02469
105.586,-0.685551,-4.01397
106.084,-3.60407,-0.907346
106.582,-6.1571,6.28947
107.08,-3.48548,-2.79266
107.578,-3.83674,-2.33862
108.076,1.25848,2.39832
108.574,1.81626,-2.40547
109.072,-2.69841,3.67046
109.57,-4.34393,2.33037
110.068,-7.74319,2.97875
110.566,-13.2503,2.23979
111.064,-4.68619,4.72309
111.563,-6.82453,0.941647
112.061,-13.1854,4.75745
112.559,-7.54469,11.0822
113.057,-11.7039,-0.0465608
113.555,-21.1673,6.55149
114.053,-12.2385,0.47116
114.551,-3.74305,7.13332
115.049,-4.94157,5.0559
115.547,-5.25212,-0.606387
116.045,-5.57218,0.197554
116.543,-7.74119,-7.18355
117.041,-9.16566,-4.38249
117.539,-10.8544,-6.34547
118.037,-8.24156,-8.64784
118.535,-1.98245,-11.9063
119.033,-8.12476,-16.2708
119.531,-10.0825,-16.6044
120.029,-11.2874,-12.2478
120.527,-9.77727,-6.84466
121.025,-6.85621,-7.42402
121.523,-4.74389,0.260653
122.021,7.09351,-6.89469
122.52,-1.35654,-4.22591
123.018,2.75665,4.09929
123.516,3.21096,-6.70927
124.014,4.14121,-2.167
124.512,1.39926,-4.2614
125.01,1.91908,-12.0077
125.508,-1.92621,-3.80619
126.006,-1.35564,-7.74489
126.504,-3.02618,-9.50011
127.002,-1.37984,-12.434
127.5,-3.45144,-18.0037
127.998,-2.21948,-10.0607
128.496,3.78772,-5.84117
128.994,2.28539,-5.10128
129.492,-6.01626,-8.11455
129.99,-3.30398,-11.7368
130.488,-2.65004,-13.5498
130.986,1.17679,-6.15461
131.484,3.30855,-8.2733
131.982,-1.33912,-10.9892
132.48,3.71689,-9.01222
132.979,8.20025,-7.39882
133.477,7.51338,-4.23203
133.975,4.26133,-1.91606
134.473,3.60487,-5.34794
134.971,0.0804235,-1.78845
135.469,10.5569,1.79744
135.967,10.3984,-8.08873
136.465,8.00766,-3.05691
136.963,2.094,-8.39324
137.461,-1.0935,-7.40977
137.959,-0.821761,-14.4477
138.457,-8.04296,-16.126
138.955,-4.72104,-7.00898
139.453,-1.68198,-4.29372
139.951,3.53459,-9.78121
140.449,-0.0133565,1.55874
140.947,5.72745,-6.77262
141.445,3.74455,-4.1049
141.943,8.43382,-1.60099
142.441,8.86725,1.22701
142.939,7.11956,8.19187
143.438,7.89203,3.8651
143.936,8.63161,3.66772
144.434,9.55713,4.58544
144.932,11.9922,6.58096
145.43,1.72833,-3.32926
145.928,-1.98364e-006,2.62865
146.426,4.14013,6.29285
146.924,0.497629,-0.516621
147.422,2.0069,3.91316
147.92,6.21405,6.3545
148.418,7.06184,3.03762
148.916,1.20626,3.74398
149.414,-2.82688,3.32552
149.912,-7.25704,8.38852
150.41,-4.01276,7.49503
150.908,-7.90709,6.42036
151.406,-3.75994,-0.149566
151.904,-7.45658,-2.32214
152.402,-7.44439,3.19721
152.9,1.31624,3.3095
153.398,-3.59185,-1.28739
153.896,-0.585822,-0.90708
154.395,7.34462,0.708391
154.893,3.61996,-4.71331
155.391,1.75739,-2.57097
155.889,6.77597,-2.17563
156.387,6.83002,-4.08556
156.885,9.26352,-7.56656
157.383,15.2537,2.13359
157.881,14.7071,-8.18257
158.379,8.32069,-9.52039
158.877,11.1057,-4.70661
159.375,9.46418,-1.22513
159.873,13.4656,-4.67477
160.371,15.0833,-12.2268
160.869,6.143,-4.57717
161.367,3.81815,-7.51605
161.865,-3.20998,-3.57249
162.363,1.04392,3.81893
162.861,5.058,-2.51304
163.359,-2.81598,-9.7368
163.857,-3.20681,-11.4545
164.355,6.76351,-7.34463
164.854,-2.79015,2.52219
165.352,-1.06205,3.30039
165.85,-5.41108,-2.8029
166.348,-7.98423,2.24217
166.846,-1.77917,5.55453
167.344,-3.66724,5.8889
167.842,0.422469,11.3524
168.34,4.19121,0.54936
168.838,-4.74984,4.58547
169.336,-11.9005,13.4857
169.834,-14.8108,1.21308
170.332,-8.3575,4.71975
170.83,8.77922,-1.92069
171.328,5.49313,-7.37575
171.826,-5.17411,-1.757
172.324,-8.98619,6.34155
172.822,2.04036,3.44405
173.32,12.7525,11.3048
173.818,8.4764,7.11669
174.316,6.88686,3.04182
174.814,5.031,8.4005
175.312,8.33934,6.56335
175.811,3.55604,5.81407
176.309,7.53039,6.70255
176.807,6.78317,4.6421
177.305,6.24615,1.1387
177.803,4.50835,-2.44511
178.301,-1.1896,-3.95422
178.799,-1.55581,-4.44889
179.297,2.09203,-5.4541
179.795,4.7189,-3.207
180.293,5.07754,1.14684
180.791,3.74224,-3.15428
181.289,-6.40743,3.75908
181.787,-7.16016,6.64107
182.285,-2.85467,3.05594
182.783,-3.28345,1.2606
183.281,-6.36843,-0.435385
183.779,-3.45387,-5.91566
184.277,-5.20707,-2.87541
184.775,0.2174,-1.05753
185.273,-4.58547,-9.97018
185.771,-1.42841,-5.42278
186.27,1.67062,-6.5905
186.768,6.70889,-6.49373
187.266,6.20769,-0.373158
187.764,6.42167,-9.51215
188.262,7.0854,-6.16162
188.76,-0.359797,-1.66132
189.258,-5.13762,0.456881
189.756,-2.65016,5.32049
190.254,2.87074,0.0219983
190.752,-2.06319,-2.62205
191.25,1.06958,-1.77836
191.748,-5.15868,-5.81587
192.246,-6.33829,-6.70241
192.744,-2.65922,-10.7576
193.242,-2.06935,-12.1327
193.74,-0.621244,-6.06991
194.238,-2.80888,-1.53776
194.736,0.522081,3.31503
195.234,2.24607,1.88845
195.732,2.9526,-0.981162
196.23,3.65481,-4.24177
196.729,2.85139,-5.46593
197.227,4.57825,-8.12759
197.725,0.753575,-4.75261
198.223,0.372966,-0.785959
198.721,2.32764,-7.65393
199.219,5.59453,-7.49027
199.717,-6.19495,-3.82234
200.215,-4.27988,-2.18261
200.713,3.1852,-4.26689
201.211,-11.0203,-3.05121
201.709,-6.02508,1.30365
202.207,-3.00652,-1.4643
202.705,-5.16055,2.17544
203.203,-4.48088,3.601
203.701,-5.30562,5.18076
204.199,-3.00418,7.08631
204.697,-6.30002,7.53291
205.195,1.21059,2.15376
205.693,-1.7319,-1.48087
206.191,-3.38263,9.3663
206.689,0.820875,4.32087
207.188,-0.678006,-0.61309
207.686,-3.50726,-5.68984
208.184,-6.38047,-8.13141
208.682,-6.76252,-4.3067
209.18,7.8064,-7.7938
209.678,3.8994,-14.1659
210.176,0.305607,-6.22181
210.674,-0.0808549,-8.75024
211.172,-2.94517,-9.78731
211.67,6.42217,-6.32884
212.168,8.34916,-10.3046
212.666,2.36861,-11.8161
213.164,-1.14695,-10.9587
213.662,0.673478,-4.41702
214.16,8.2834,-3.08814
214.658,3.26366,-8.67268
215.156,-2.11919,1.4432
215.654,1.12427,5.56776
216.152,10.0309,7.4924
216.65,11.2683,6.30998
217.148,-3.74935,5.22518
217.646,-2.47742,3.79016
218.145,-1.52595,2.97346
218.643,-0.577268,10.5138
219.141,0.186977,8.33741
219.639,6.85748,6.69197
220.137,9.84574,2.48145
220.635,2.01609,-7.81367
221.133,1.98123,-4.73541
221.631,1.8292,-7.46065
222.129,0.647858,-13.1595
222.627,-2.62727,-10.1223
223.125,-1.01416,-11.2958
223.623,3.14891,-8.75563
224.121,3.19499,-6.49449
224.619,5.99704,-3.30652
225.117,1.09331,2.58112
225.615,0.728466,3.63349
226.113,-1.79541,0.0636169
226.611,-0.457433,2.80112
227.109,1.8852,2.7819
227.607,0.857391,2.768
228.105,-0.439035,-0.717618
228.604,-3.48033,-0.408829
229.102,-1.81404,8.86765
229.6,4.00447,5.06412
230.098,1.01859,5.33392
230.596,0.154722,6.51417
231.094,-5.667,8.77198
231.592,-3.88824,8.61419
232.09,-8.57942,3.74384
232.588,-6.0625,6.2923
233.086,1.95305,9.81609
233.584,-1.78547,5.73487
234.082,-3.50583,8.32678
234.58,-2.76699,0.659808
235.078,-9.02554,1.9188
235.576,-3.491,7.0187
236.074,6.24763,-1.80476
236.572,0.291596,-3.22152
237.07,-4.12881,-4.00316
237.568,1.93064,-4.73505
238.066,5.2848,-0.979571
238.564,6.14571,-5.04129
239.062,5.37258,-6.8872
239.561,5.54861,-4.10795
240.059,9.68908,-3.02392
240.557,6.54128,-6.58473
241.055,1.40682,-6.84306
241.553,-1.7028,-2.70608
242.051,-2.15801,-1.7729
242.549,1.16505,-6.3488
243.047,0.869792,-11.3957
243.545,-2.51776,-10.6407
244.043,-0.638579,-4.19834
244.541,1.42339,-11.5272
245.039,1.70945,-2.95395
245.537,5.48799,2.218
246.035,0.92015,-6.18727
246.533,-5.60724,-8.3453
247.031,-6.27453,-10.9179
247.529,-8.0783,-7.62511
248.027,-0.260041,-0.359926
248.525,5.33014,0.948308
249.023,-3.70316,0.0980408
249.521,-0.103134,4.94366
250.02,3.36359,-3.288
250.518,-6.58565,1.0318
251.016,0.869877,0.156128
251.514,2.08331,-2.28049
252.012,-1.53023,2.7503
252.51,-4.8464,-0.417854
253.008,-0.439839,1.95275
253.506,-0.295892,0.925301
254.004,6.27816,-1.13837
254.502,7.55021,-0.741352
255,3.93488,-0.872326
255.498,1.26416,1.1055
255.996,-5.14038,3.07399
256.494,-2.4382,1.52324
256.992,-6.41768,0.263925
257.49,-7.11806,1.99095
257.988,-8.01138,1.33154
258.486,-11.8181,4.81971
258.984,-7.51871,6.45043
259.482,-3.98012,4.69806
259.98,0.753101,5.62622
260.478,8.56182,3.04266
260.977,2.61719,-0.304915
261.475,2.44958,1.76397
261.973,0.272372,-4.15496
262.471,0.486907,-8.2267
262.969,1.48511,-6.62131
263.467,0.173908,-1.64284
263.965,-2.04334,-0.263221
264.463,-1.54287,1.62044
264.961,0.89478,-3.92793
265.459,-1.05753,-3.33088
265.957,-2.58485,2.39974
266.455,-1.15871,-3.8461
266.953,-5.19474,-12.5541
267.451,4.14663,-2.43188
267.949,8.19203,-11.4933
268.447,2.30786,-12.8475
268.945,12.8204,-1.87555
269.443,8.54398,-4.48722
269.941,8.49468,-4.99303
270.439,6.58206,-0.384719
270.938,7.30805,1.03971
271.436,2.8347,2.90319
271.934,3.94118,3.69746
272.432,4.59907,-2.98597
272.93,1.93039,-4.59926
273.428,-0.598042,-11.4228
273.926,2.86497,-10.7324
274.424,2.11772,0.492413
274.922,3.38302,-1.52443
275.42,1.76094,-1.08979
275.918,-6.53089,-7.73779
276.416,-13.2966,-6.02368
276.914,-6.88155,-3.90248
277.412,-11.4094,-5.51996
277.91,-10.8484,-1.99321
278.408,1.79661,-2.00009
278.906,-0.509176,-5.92993
279.404,-0.373352,2.06832
279.902,3.28353,-1.89352
280.4,2.41348,-2.42173
280.898,4.96862,-4.44605
281.396,1.19597,-2.09048
281.895,6.08097,4.09075
282.393,10.2319,7.01759
282.891,10.2131,7.35122
283.389,9.27937,0.313749
283.887,11.5757,-0.285618
284.385,7.98336,2.54247
284.883,9.3676,1.6506
285.381,5.10711,-0.135952
285.879,2.39786,0.464842
286.377,0.264964,1.45403
286.875,-1.88446,5.09114
287.373,3.75637,6.31071
287.871,2.71731,2.28646
288.369,-3.2372,8.00737
288.867,4.96387,9.07382
289.365,1.41349,7.65043
289.863,1.11955,8.51704
290.361,7.07986,4.64239
290.859,4.62597,3.25622
291.357,5.23955,6.19914
291.855,4.28817,0.477
292.354,3.80186,-0.695521
292.852,0.899132,-0.0858638
293.35,5.73074,2.70835
293.848,7.20662,-3.60412
294.346,-1.50814,-3.1957
294.844,1.72668,2.98172
295.342,0.125895,1.62209
295.84,-1.91763,2.95951
296.338,1.99032,-4.1128
296.836,-9.43846,-4.4817
297.334,-1.85698,0.793319
297.832,-0.590117,-4.88978
298.33,-11.5765,-4.76235
298.828,-6.31929,-1.58785
299.326,-4.09736,-8.13696
299.824,-2.28277,-8.86175
300.322,-5.9172,-5.75061
300.82,-1.84391,2.20405
301.318,2.32551,-1.95605
301.816,1.4783,-2.58263
302.314,7.62374,0.137335
302.813,8.94549,0.73083
303.311,8.02017,3.52377
303.809,3.96237,1.2236
304.307,10.6266,3.46578
304.805,10.5674,0.089082
305.303,5.20886,2.79438
305.801,-0.260479,6.58343
306.299,2.18694,0.345974
306.797,0.0824611,1.86173
307.295,5.76936,-1.57188
307.793,6.26357,-3.37403
308.291,2.66736,0.675542
308.789,2.96245,4.78038
309.287,3.11174,5.22204
309.785,4.80754,12.5776
310.283,3.12574,13.1227
310.781,1.25592,12.4221
311.279,3.01369,1.50212
311.777,-3.10883,-5.19503
312.275,-2.82024,6.25986
312.773,-7.34026,4.16728
313.271,0.122424,7.19154
313.77,0.489298,6.40948
314.268,-1.81615,5.94048
314.766,-9.9017,8.37666
315.264,-14.5574,7.23722
315.762,-8.70077,5.57906
316.26,-9.2232,6.68351
316.758,-6.24109,2.10377
317.256,-7.02661,0.728236
317.754,0.495482,-0.881896
318.252,-1.21901,-0.454597
318.75,-6.21761,1.58979
319.248,-0.55022,-1.42373
319.746,-0.119582,-0.0310566
320.244,1.23053,5.75074
320.742,-2.94897,3.06525
321.24,-0.782334,1.0333
321.738,4.92385,2.69024
322.236,8.35633,1.40586
322.734,11.2222,0.594951
323.232,5.76853,0.960391
323.73,4.79796,-0.175873
324.228,12.4535,-2.09331
324.727,8.26764,-9.50748
325.225,7.00498,-3.96877
325.723,9.62837,-1.74977
326.221,5.19267,-5.48457
326.719,1.49816,-5.64265
327.217,5.93082,-4.14713
327.715,6.3135,-6.02541
328.213,6.25609,-6.75829
328.711,7.13653,-3.14069
329.209,3.52625,-1.33897
329.707,2.59166,-3.16436
330.205,-0.285343,-2.67337
330.703,-3.11626,2.94245
331.201,-0.0411295,5.94233
331.699,-4.82466,2.92676
332.197,1.35187,-0.517026
332.695,9.30454,-6.6411
333.193,11.2943,-2.87669
333.691,5.54821,-0.417101
334.189,8.53786,1.46844
334.688,0.104473,1.29002
335.186,-2.71696,-0.223892
335.684,9.45726,0.223698
336.182,-0.262766,1.31534
336.68,-2.17121,3.82941
337.178,2.37734,0.660288
337.676,-4.5035,2.42948
338.174,-5.8464,-0.573353
338.672,-4.23697,0.841981
339.17,-9.22659,6.13654
339.668,-12.2847,3.02879
340.166,-10.263,6.87247
340.664,-8.2897,5.56742
341.162,-12.788,-1.39511
341.66,-13.2402,1.85749
342.158,0.364591,-0.496085
342.656,-7.39731,-6.32242
343.154,-10.174,1.61536
343.652,-2.15189,3.67043
344.15,-2.64129,-0.878444
344.648,-1.56788,2.7356
345.146,-2.09853,1.69725
345.645,-12.1106,-5.59647
346.143,-11.0671,-4.47432
346.641,-7.76516,-5.90206
347.139,-7.51674,-5.21403
347.637,-2.96047,-6.1473
348.135,-8.17859,-7.88296
348.633,-3.20318,-3.72301
349.131,2.31646,-6.60559
349.629,-0.813706,-4.85716
350.127,-1.41089,-5.62885
350.625,-0.821038,-10.2027
351.123,-5.72288,-7.21497
351.621,0.95171,-1.86083
352.119,6.37116,-9.22952
352.617,9.88508,-7.088
353.115,9.4424,-0.610746
353.613,3.33477,-4.55513
354.111,2.26741,0.690017
354.609,-0.812059,2.61144
355.107,-4.71314,-1.0579
355.605,0.405271,2.92
356.104,3.30614,0.0276741
356.602,-2.36305,-1.2019
357.1,-5.75236,1.00016
357.598,-12.6834,-2.59535
358.096,-10.2729,0.692119
358.594,-1.25826,-2.85718
359.092,-4.63871,-5.51925
359.59,-6.25626,-0.108514
360.088,0.323793,0.977156
360.586,-1.19862,0.701842
361.084,2.46854,-2.15258
361.582,6.73265,-3.57172
362.08,-5.97166,-0.542876
362.578,-7.0521,0.408567
363.076,2.90178,1.59677
363.574,-0.485321,-1.59237
364.072,-6.58998,4.31921
364.57,-6.00036,3.2044
365.068,-5.39898,10.6476
365.566,4.86454,14.5564
366.064,6.00727,7.26616
366.563,2.28694,9.99717
367.061,1.76274,2.01802
367.559,5.52387,1.73965
368.057,9.85983,3.90009
368.555,7.23798,3.81522
369.053,6.92121,4.10414
369.551,0.255458,0.212885
370.049,0.93151,5.44586
370.547,1.18839,1.73512
371.045,-1.48295,1.2325
371.543,-4.1773,-0.849596
372.041,-2.59288,-2.92052
372.539,-0.678616,1.22179
373.037,-0.404511,1.62086
373.535,-2.40072,-0.560401
374.033,-5.00202,0.663935
374.531,-0.567721,6.58496
375.029,1.95414,4.05008
375.527,-3.12743,1.50762
376.025,-2.77124,4.84336
376.523,-1.27086,4.03372
377.021,-5.9592,-0.499166
377.52,-8.77894,3.2392
378.018,-6.68119,-0.214893
378.516,-6.16144,3.82233
379.014,0.951135,9.28156
379.512,-1.82382,-2.78234
380.01,-5.24078,-3.08804
380.508,-0.599765,1.18704
381.006,-5.95093e-007,-0.073508
381.504,0.292343,0.703842
382.002,-0.741878,1.36057
382.5,4.75228,4.55318
382.998,7.16186,-2.3813
383.496,0.754776,-3.7656
383.994,-2.02077,1.17718
384.492,1.91542,-0.436512
384.99,1.99185,-3.6852
385.488,0.234982,0.86847
385.986,-5.47861,7.80129
386.484,-3.1266,6.34783
386.982,2.33566,8.88375
387.48,4.8088,9.15915
387.978,3.33831,5.70466
388.477,0.79069,-0.0600865
388.975,-1.07634,-2.22225
389.473,-2.30987,-2.25945
389.971,-1.25242,-0.25457
390.469,1.15183,-1.33134
390.967,3.81456,6.46085
391.465,0.32433,6.36855
391.963,-0.444636,9.0337
392.461,2.20593,5.83238
392.959,-5.06867,2.68922
393.457,-1.98505,3.74578
393.955,-1.47539,3.37194
394.453,-0.342497,7.24775
394.951,0.4903,-3.33378
395.449,-6.78153,-3.8025
395.947,-2.87772,3.20031
396.445,-3.62384,-1.69578
396.943,-3.80906,-1.85491
397.441,-3.25432,-1.14684
397.939,-3.85976,-4.83674
398.438,-3.91709,1.28341
398.936,-2.72297,3.3306
399.434,1.70619,6.60996
399.932,0.640958,4.23352
400.43,-4.71345,-3.43957
400.928,-8.8409,-3.3268
401.426,-5.87467,-3.59414
401.924,-2.62035,-5.39063
402.422,-4.00244,-4.85063
402.92,0.0953187,-4.22708
403.418,4.97357,-1.80244
403.916,4.33934,-2.48604
404.414,4.65784,-2.46087
404.912,7.00938,-0.130488
405.41,7.1491,1.36267
405.908,5.18033,-3.88097
406.406,5.29151,-4.26421
406.904,4.76993,-1.19412
407.402,7.59327,-5.19457
407.9,6.68795,-11.2561
408.398,0.309962,-7.60253
408.896,5.3771,-2.49913
409.395,9.48161,-2.57071
409.893,2.39968,-2.0295
410.391,0.821564,-0.837191
410.889,2.64661,1.49172
411.387,0.255919,2.37602
411.885,-2.72499,4.09138
412.383,0.703811,4.11658
412.881,-4.35791,1.87729
413.379,-1.64627,6.4079
413.877,3.36631,3.49419
414.375,-1.50447,5.79725
414.873,0.0747545,5.8654
415.371,4.43491,7.42027
415.869,1.15215,3.77534
416.367,-0.999267,-2.55084
416.865,3.10855,0.551664
417.363,5.89858,1.77867
417.861,8.82299,0.855035
418.359,4.11044,5.71114
418.857,2.02667,1.86832
419.355,0.512782,-1.85596
419.854,-4.46953,1.07406
420.352,-5.44682,0.715213
420.85,-3.41557,-1.6741
421.348,-2.21303,1.28871
421.846,2.75451,-1.53451
422.344,1.19071,-5.68881
422.842,-1.45881,-2.32297
423.34,2.57427,-1.2132
423.838,0.896215,-1.80631
424.336,-0.596355,-6.67464
424.834,-2.21891,-4.75768
425.332,-0.0440227,-1.97983
425.83,3.2263,-1.61818
426.328,0.67135,-2.51726
426.826,-1.74345,0.139126
427.324,0.396852,-3.35133
427.822,-1.46048,-3.33235
428.32,1.71603,-6.31458
428.818,3.81468,-2.96267
429.316,4.22877,5.96439
429.814,3.5654,3.487
430.312,4.66739,0.425101
430.811,3.00565,2.68286
431.309,3.86881,2.40808
431.807,3.20032,-4.07842
432.305,5.68536,-1.63658
432.803,9.29368,-0.982249
433.301,7.05748,-3.11472
433.799,5.08797,-3.48565
434.297,6.50615,-1.58191
434.795,5.972,0.314767
435.293,6.30369,1.88632
435.791,2.03734,3.66747
436.289,6.37412,1.76535
436.787,5.9185,4.45386
437.285,3.63206,5.4371
437.783,3.78141,3.08933
438.281,1.97007,2.21023
438.779,-0.964343,-3.05375
439.277,-5.9115,-7.60188
439.775,-5.78397,-2.66364
440.273,-3.8492,-6.32516
440.771,-1.03835,-3.87352
441.27,0.936626,-3.45971
441.768,-5.01937,-7.1006
442.266,-2.86206,-3.95208
442.764,0.268852,-3.17076
443.262,-0.728487,2.98017
443.76,3.80024,1.66922
444.258,2.70008,-5.95988
444.756,2.01413,-3.16455
445.254,-0.226441,-2.36744
445.752,-1.04702,-1.32822
446.25,4.11709,-5.35042
446.748,-0.100258,-5.12884
447.246,0.882141,-0.989426
447.744,2.93953,3.49076
448.242,1.69085,1.00357
448.74,1.86804,0.299266
449.238,-2.41718,7.26933
449.736,0.247571,3.80358
450.234,-0.178638,-0.151431
450.732,-4.53708,-0.402902
451.23,-3.51174,-1.68271
451.728,-2.47724,-5.1725
452.227,0.130647,-2.58941
452.725,-1.14141,-0.204536
453.223,-1.5884,-4.08546
453.721,-0.694104,-6.05817
454.219,-0.953162,-7.14286
454.717,-2.35176,-0.820955
455.215,-1.88739,-1.56854
455.713,-4.00784,-4.22713
456.211,0.517222,-2.58028
456.709,2.55366,-0.428131
457.207,1.87296,-2.18667
457.705,1.30078,-0.168254
458.203,-5.07928,-1.76726
458.701,-7.85142,-5.0356
459.199,-6.82516,-0.223075
459.697,-6.91087,1.57217
460.195,1.62429,0.0818482
460.693,3.35483,3.07162
461.191,-4.8428,-2.10637
461.689,2.53189,-3.6675
462.188,3.88168,-5.59031
462.686,0.963123,-2.93175
463.184,7.72223,-1.25921
463.682,7.84447,-5.18663
464.18,6.28046,-10.956
464.678,2.19056,-7.61514
465.176,2.68023,-3.39011
465.674,5.31013,-9.12289
466.172,5.16121,-6.70537
466.67,0.797675,-7.99034
467.168,-1.56718,-6.83903
467.666,0.184193,-2.92788
468.164,3.66423,-1.29777
468.662,5.07703,2.21451
469.16,2.11585,-0.964515
469.658,3.12341,-0.132624
470.156,2.10003,-1.8733
470.654,6.7612,1.52889
471.152,9.32319,3.25064
471.65,4.38529,2.73312
472.148,4.03326,-0.347174
472.646,2.17385,0.110362
473.145,2.15084,1.42053
473.643,1.60092,0.733753
474.141,5.43231,4.27991
474.639,-0.625305,-3.09105
475.137,-2.70261,4.36558
475.635,2.38046,6.22148
476.133,1.88142,3.67121
476.631,3.68818,2.03319
477.129,5.11337,1.42809
477.627,2.44868,1.05776
478.125,1.3275,1.53613
478.623,2.54934,0.200658
479.121,-0.306587,2.74507
479.619,7.40803,-1.01033
480.117,3.48756,-8.6905
480.615,-5.31997,-6.03417
481.113,-2.45863,-5.70559
481.611,-5.16371,-2.77159
482.109,-0.0814356,-2.36052
482.607,-1.33582,-9.69011
483.105,-1.40648,-3.32293
483.604,4.6384,-1.86401
484.102,0.10257,-3.6828
484.6,-2.2156,-4.72339
485.098,0.732103,-5.56614
485.596,-4.32941,-2.34048
486.094,-6.22989,-3.04463
486.592,-1.27679,-3.57524
487.09,4.80657,-1.42698
487.588,3.83976,-2.69275
488.086,0.240175,-4.17264
488.584,0.342158,0.856995
489.082,4.7035,-1.92015
489.58,-0.30185,-3.20875
490.078,1.16533,4.0829
490.576,6.05776,2.32624
491.074,2.38955,-0.294195
491.572,2.50867,4.54604
492.07,0.574026,-1.40446
492.568,0.135923,-0.219162
493.066,1.91172,-0.23673
493.564,3.09822,0.31623
494.062,6.18845,-1.74984
494.561,5.06274,-1.65301
495.059,-1.26671,0.634924
495.557,1.58342,-2.74382
496.055,5.26997,-3.49802
496.553,-0.94039,-0.417603
497.051,0.796543,-4.2354
497.549,0.0311504,-4.67149
498.047,-0.0684293,-3.50337
498.545,3.98995,-2.15855
499.043,2.33729,1.46481
499.541,2.27189,0.393271
500.039,2.85291,-0.408148
500.537,1.48093,2.76633
501.035,2.90916,2.09838
501.533,-0.465838,-0.856771
502.031,-2.03064,2.78061
502.529,-0.562655,2.29461
503.027,-1.53527,1.60065
503.525,-2.79362,-0.414096
504.023,-4.15917,-3.74061
504.521,-1.85884,-3.58549
505.02,-6.11031,-0.0690426
505.518,-0.283866,0.450128
506.016,-0.270277,2.30191
506.514,-0.134428,0.422489
507.012,-0.0454148,-3.04982
507.51,-0.783968,-1.21223
508.008,2.20042,-1.98007
508.506,2.2473,-3.20669
509.004,0.365119,1.23277
509.502,0.575883,0.0801226
510,-0.107,0.0340002
510.498,-5.48457,2.74279
510.996,-6.59969,3.24501
511.494,-6.52682,1.11883
511.992,-8.05725,-0.340895
512.49,-4.44465,0.635091
512.988,-3.42023,2.94366
513.486,0.476823,2.4415
513.984,0.418797,1.288
514.482,-2.09764,3.19922
514.98,2.57784,2.65563
515.479,2.09406,1.85418
515.977,0.815703,4.22968
516.475,-3.2783,3.23224
516.973,-3.13128,0.557761
517.471,-0.920326,1.04538
517.969,-1.73144,-0.359944
518.467,-1.90305,4.32714
518.965,-2.13829,7.41255
519.463,-2.69899,4.27469
519.961,0.53313,7.52875
520.459,2.95564,8.28527
520.957,0.769143,0.028021
521.455,1.06602,-1.72107
521.953,-1.65187,-2.22979
522.451,-5.26316,-4.10917
522.949,-4.06902,-3.43918
523.447,-1.08321,-4.82365
523.945,-4.12494,-3.80528
524.443,-5.10921,-0.481587
524.941,-2.15889,-0.755566
525.439,-5.00806,-1.70301
525.938,-0.00380322,-3.0563
526.436,0.526917,-1.60164
526.934,2.24455,-1.69953
527.432,-0.529002,-1.74315
527.93,-3.48538,-4.71269
528.428,-2.92981,-0.956479
528.926,-0.766578,-0.116775
529.424,-2.4201,-1.76854
529.922,-0.515335,-3.93964
530.42,-1.73185,-5.37267
530.918,-2.76475,-2.4036
531.416,-2.0279,-0.543637
531.914,-1.08456,-0.0121228
532.412,2.14601,-2.12832
532.91,0.78914,-6.28711
533.408,0.0102075,-2.17608
533.906,0.893084,-3.36574
534.404,-2.85333,-0.975775
534.902,-3.0019,-2.48573
535.4,-2.93332,-3.44218
535.898,-3.40242,-3.91319
536.396,-5.25915,-4.42948
536.894,-5.15867,-3.91578
537.393,-4.24899,-3.58967
537.891,-2.6393,-0.290717
538.389,-2.32093,-1.82079
538.887,-3.14346,-1.01228
539.385,0.0745883,1.51179
539.883,-1.87884,-1.54557
540.381,-2.7215,1.16856
540.879,0.896891,2.20376
541.377,0.958623,2.98881
541.875,-0.0640407,1.29705
542.373,-1.15078,-0.882447
542.871,0.671501,-0.325412
543.369,-0.0628185,-3.13374
543.867,-1.25154,-3.53782
544.365,1.42739,-1.11973
544.863,0.755332,-1.57763
545.361,1.23802,-0.154195
545.859,1.445,-5.34935
546.357,-0.135015,-4.1135
546.855,0.78919,-5.1315
547.354,-1.34109,-5.18287
547.852,0.867775,-5.13419
548.35,-2.5265,-7.51422
548.848,-0.969579,-5.78049
549.346,2.1591,-5.3406
549.844,5.23306,-4.22559
550.342,0.568566,-4.77369
550.84,-3.21046,-1.81731
551.338,0.0515093,-1.78795
551.836,1.32904,1.58178
552.334,-1.0405,0.110488
552.832,-1.0491,0.584474
553.33,-0.996114,0.30343
553.828,1.19947,2.08133
554.326,2.3619,-0.68248
554.824,1.78513,-1.9714
555.322,2.80124,-2.53265
555.82,3.13574,-4.13859
556.318,-1.70192,-1.67104
556.816,0.549747,-0.748411
557.314,2.9473,-0.200019
557.813,0.0912999,3.80729
558.31,-0.67544,5.64116
558.809,-3.53528,2.18766
559.307,-0.896247,2.29324
559.805,0.681997,3.5879
560.303,-3.70918,2.34171
560.801,-1.72971,4.96373
561.299,-0.498009,3.20799
561.797,-0.00504684,3.00792
562.295,3.05541,-0.31738
562.793,-2.56379,-5.10495
563.291,-4.68412,-3.25521
563.789,-2.76998,-1.50149
564.287,0.677695,1.30371
564.785,-3.01289,-0.588268
565.283,-5.95255,-0.0589697
565.781,-5.01319,-2.79386
566.279,-9.06638,-3.74952
566.777,-5.72181,-2.0163
567.275,-2.74313,-4.65021
567.773,-0.586796,-3.08623
568.271,-0.452638,-5.72329
568.77,1.44808,-4.40492
569.268,2.64938,-3.04307
569.766,5.289,-2.45006
570.264,4.40833,-2.71709
570.762,0.623482,-3.59357
571.26,2.75498,-1.31859
571.758,2.20735,-1.24965
572.256,2.82813,1.06439
572.754,3.67199,0.630986
573.252,4.87075,-1.09108
573.75,4.44551,-2.24248
574.248,3.90455,-1.71929
574.746,2.84915,0.250193
575.244,0.109654,2.65012
575.742,2.43423,3.39291
576.24,1.61233,3.853
576.738,-0.452066,1.56631
577.236,2.17663,0.124719
577.734,1.7277,0.405958
578.232,1.0842,0.390154
578.73,1.71406,5.0695
579.229,2.09711,1.0998
579.727,2.19385,2.5511
580.225,-1.40507,2.52503
580.723,-3.07835,-3.06894
581.221,-0.279316,0.107188
581.719,0.251449,3.21184
582.217,-2.15037,1.42709
582.715,1.25321,0.610656
583.213,-1.19102,3.52413
583.711,0.46185,3.50959
584.209,1.65435,1.63424
584.707,-1.53459,2.72413
585.205,-0.21341,2.41531
585.703,-1.67168,-0.153788
586.201,-2.81731,-2.89942
586.699,-1.20868,-5.03081
587.197,-0.278266,-6.88938
587.695,-2.5369,-4.72359
588.193,-1.5877,-4.14629
588.691,-0.563918,-4.7553
589.189,-0.486962,0.260168
589.687,2.40959,-0.0469358
590.186,-0.871129,-2.47966
590.684,-0.451673,-1.22382
591.182,1.52017,1.96267
591.68,1.82586,2.69635
592.178,1.63485,4.1722
592.676,-0.18478,0.665811
593.174,-0.211292,3.66739
593.672,3.39558,2.67056
594.17,-0.205992,-0.263253
594.668,-0.621937,2.39572
595.166,0.590328,0.790314
595.664,0.233588,3.59476
596.162,1.277,1.07782
596.66,-0.613293,-2.58275
597.158,0.739175,-0.0675976
597.656,4.245,1.25246
598.154,3.25435,-0.512997
598.652,1.47527,-0.230784
599.15,1.01894,2.66761
599.648,0.0836475,1.83881
600.146,1.63546,2.45646
600.645,3.95538,3.07375
601.143,3.74562,1.89414
601.641,0.941532,0.359297
602.139,2.66115,1.78202
602.637,5.60673,2.41428
603.135,3.23467,4.67453
603.633,1.52063,0.63974
604.131,-0.906221,-1.62248
604.629,1.21222,0.0313563
605.127,1.17416,-1.33703
605.625,-3.16817,-1.96662
606.123,-2.1042,2.0348
606.621,-0.977479,2.1677
607.119,-1.98264,-1.84581
607.617,-1.95952,-0.644726
608.115,2.10294,0.00421371
608.613,0.689004,0.985494
609.111,1.75494,4.15547
609.609,0.585617,3.03976
610.107,-1.57347,4.42437
610.605,2.12691,4.06964
611.103,2.07528,1.76246
611.602,2.49451,4.1266
612.1,2.36424,-0.37919
612.598,-1.36192,1.28335
613.096,1.89826,2.24284
613.594,1.41999,-0.477678
614.092,0.275315,0.771839
614.59,-1.70647,2.99537
615.088,-0.0552377,0.912451
615.586,0.0149715,-0.280365
616.084,0.900413,-1.19784
616.582,0.295431,-3.41981
617.08,0.00879066,-3.07441
617.578,2.6549,-2.17925
618.076,1.95711,-2.79394
618.574,3.03985,-2.74964
619.072,0.750112,-0.996797
619.57,4.17523,-1.10702
620.068,0.175538,0.642751
620.566,-3.53913,0.95238
621.064,-1.53446,-0.516359
621.563,-4.6862,1.37927
622.061,0.0767531,1.58271
622.559,1.49739,-0.862251
623.057,-0.514508,2.19901
623.555,1.8984,3.00733
624.053,-1.19046,0.33582
624.551,-0.62239,-0.0876968
625.049,1.80364,0.673916
625.547,-1.28166,1.13701
626.045,1.47583,3.1701
626.543,1.07815,0.208884
627.041,-1.75993,1.7198
627.539,1.34786,1.92588
628.037,0.945983,-0.351199
628.535,0.632039,1.09948
629.033,1.75075,3.34369
629.531,0.192671,0.759804
630.029,-1.80745,2.92577
630.527,-2.25266,2.95554
631.025,0.0902859,0.560788
631.523,-1.92346,-0.440899
632.021,-1.60455,-0.032914
632.52,3.03515,0.848148
633.018,1.1323,1.26021
633.516,-1.64526,2.34184
634.014,0.977269,1.34484
634.512,-0.742242,0.365488
635.01,-2.36528,2.62004
635.508,-2.82216,3.24268
636.006,-3.83448,1.45572
636.504,-3.9082,1.7079
637.002,-1.67182,3.07263
637.5,-0.818562,1.08524
637.998,-2.24988,2.18952
638.496,0.597894,3.07795
638.994,2.53688,1.1961
639.492,1.08936,1.35359
639.99,0.848846,3.71271
640.488,-0.403045,1.90685
640.986,-2.80688,2.54387
641.484,-0.830837,2.03801
641.982,-1.83254,1.35188
642.48,-1.5876,1.57493
642.979,-2.50161,-0.592756
643.477,-3.59025,-0.515123
643.975,-3.26019,0.684623
644.473,-3.20534,1.33914
644.971,-2.16585,0.470371
645.469,-2.90896,-0.967671
645.967,-3.36077,-2.35859
646.465,-1.39524,0.185282
646.963,-0.0253938,-1.53722
647.461,0.0453651,-4.05929
647.959,0.12343,-1.61927
648.457,0.780448,-1.28706
648.955,-0.541094,-4.18777
649.453,0.287117,-2.2911
649.951,2.33977,-3.77949
650.449,-0.0336852,-2.90101
650.947,-1.84015,-1.5406
651.445,-1.00861,-2.00913
651.943,-0.404781,-0.251403
652.441,-2.89917e-007,-0.115044
652.939,-0.97035,-0.742538
653.438,1.32349,3.65907
653.936,3.02547,0.853163
654.434,2.7652,1.10631
654.932,4.02292,1.36162
655.43,2.00628,0.17234
655.928,2.14051,-0.0808697
656.426,1.01828,-1.3483
656.924,-2.13681,0.244803
657.422,-0.0516472,-0.349181
657.92,-2.95347,-2.51219
658.418,-1.91554,-2.76466
658.916,3.56865,-3.07325
659.414,0.954442,-1.92389
659.912,1.39402,1.14893
660.41,2.12513,0.113945
660.908,1.75239,1.8964
661.406,3.02604,0.0792564
661.904,-0.26847,-1.11725
662.402,0.92772,-0.872954
662.9,1.89615,-2.25014
663.398,-0.170559,-2.16605
663.896,2.19812,-3.02051
664.394,1.68674,-1.1695
664.893,0.484037,1.98644
665.391,0.213087,0.99099
665.889,-0.0710293,-0.482676
666.387,1.83673,-2.28812
666.885,2.26573,-1.54136
667.383,1.52517,-2.13396
667.881,-2.74803,-0.11186
668.379,0.239621,-0.685922
668.877,0.940143,-1.94865
669.375,0.751674,-1.96323
669.873,0.342186,-0.224081
670.371,1.9453,0.600052
670.869,-0.0508812,0.264897
671.367,-0.775906,-0.0298225
671.865,1.08493,0.490542
672.363,0.274826,-0.467935
672.861,-0.549271,-1.79266
673.359,0.0818151,-2.4182
673.857,1.71624,-1.787
674.355,-1.23374,-0.216355
674.854,-1.65543,1.79518
675.352,0.948032,2.21429
675.85,0.670067,0.411955
676.348,-0.147324,0.738152
676.846,0.175411,-1.39058
677.344,0.896049,-2.32151
677.842,0.726788,-1.59924
678.34,-0.833831,0.54832
678.838,2.04964,1.86098
679.336,1.60166,-0.995516
679.834,3.10775,0.412865
680.332,3.4978,1.30868
680.83,1.32611,3.26101
681.328,1.93322,0.831573
681.826,1.24428,-1.20516
682.324,0.869605,-1.21873
682.822,0.746616,-1.16474
683.32,3.71668,1.0177
683.818,1.98291,0.340446
684.316,-0.596497,1.06207
684.814,-0.888192,3.06555
685.313,0.590851,3.32257
685.81,0.764186,1.61366
686.309,-0.119368,-0.745199
686.807,0.922944,1.23573
687.305,-0.131216,0.739231
687.803,-0.19461,0.316839
688.301,1.47805,0.793521
688.799,1.02351,-0.122516
689.297,-1.93635,-1.40341
689.795,-1.44934,0.279248
690.293,-0.733314,0.124819
690.791,-0.656325,0.194256
691.289,0.795572,2.13657
691.787,0.893715,3.79806
692.285,0.119705,1.75255
692.783,2.05451,2.37952
693.281,1.62286,3.26711
693.779,-0.464634,1.50519
694.277,1.85104,2.81563
694.775,1.28284,1.81036
695.273,0.576165,3.26156
695.771,1.08169,1.03951
696.27,-0.894379,-0.145862
696.768,1.04871,-0.890036
697.266,-0.16823,-0.0327367
697.764,-0.352284,-0.702756
698.262,-0.0764057,-1.57107
698.76,-0.977836,0.426028
699.258,-0.979102,-0.960222
699.756,-1.51333,-0.881283
700.254,0.882345,0.94537
700.752,2.2214,-0.578972
701.25,0.964857,-1.30351
701.748,0.931069,-0.446257
702.246,0.747663,0.510815
702.744,1.39673,-0.773709
703.242,0.878677,-1.64444
703.74,0.743403,-0.783705
704.238,3.47344,-1.11253
704.736,4.209,-1.00739
705.234,3.03076,0.26664
705.732,0.753427,-1.20462
706.23,-0.111389,-0.377342
706.729,0.857946,1.46406
707.227,1.22199,0.106875
707.725,0.418118,1.70671
708.223,1.11327,1.08639
708.721,0.134016,-1.96173
709.219,0.22058,0.852626
709.717,1.21679,0.836572
710.215,0.584457,-0.148434
710.713,0.924117,1.32101
711.211,1.0836,-0.414575
711.709,1.01935,-0.203118
712.207,0.417525,-0.435859
712.705,1.03321,-1.38925
713.203,1.24882,-0.651126
713.701,0.871345,1.00019
714.199,0.131749,-1.07088
714.697,0.461378,0.272148
715.195,1.31121,1.88864
715.693,-0.378627,1.74625
716.191,2.27221,0.880652
716.689,3.64007,-0.389718
717.187,1.81127,0.478692
717.686,3.61513,1.43493
718.184,2.21574,0.916595
718.682,2.30712,0.806029
719.18,1.83716,0.00599092
719.678,1.17257,-0.296627
720.176,2.23116,-0.801011
720.674,0.996794,-1.43999
721.172,0.441039,0.777143
721.67,1.55813,1.7119
722.168,1.00678,0.395187
722.666,0.76017,0.357221
723.164,-1.36054,-0.0533778
723.662,-3.19849,2.311
724.16,-0.965264,3.32518
724.658,-0.493666,2.56483
725.156,-0.963076,2.68414
725.654,-1.31446,1.80542
726.152,-1.21359,0.704293
726.65,-0.918945,0.149029
727.148,-1.29143,0.220366
727.646,-1.52443,1.26537
728.145,-0.430771,1.84881
728.643,0.185912,-0.619831
729.141,-0.219832,-0.285107
729.639,0.431157,0.357116
730.137,0.95759,0.794326
730.635,0.104778,1.07565
731.133,1.2959,0.205921
731.631,0.26691,0.195661
732.129,0.0529893,0.317936
732.627,1.65204,-1.02115
733.125,1.19956,-0.986408
733.623,0.903037,-1.51709
734.121,-0.305484,-2.49872
734.619,-0.313178,-0.733887
735.117,-0.841201,-0.319376
735.615,-0.848164,-0.510769
736.113,-1.00851,-0.409428
736.611,0.0593188,-0.921945
737.109,-0.781434,-0.146029
737.607,-0.0887488,0.989728
738.105,0.133745,1.87138
738.603,-0.691907,1.0294
739.102,0.575733,1.45831
739.6,0.586434,-0.248726
740.098,-0.758012,-0.911639
740.596,-1.72777,1.23397
741.094,-1.47402,-1.42928
741.592,-0.342209,-1.29556
742.09,0.966342,-0.36001
742.588,-0.586785,-2.58096
743.086,-2.34676,-0.840427
743.584,-0.535772,0.110156
744.082,-0.0224324,-0.345664
744.58,0.724553,-1.18015
745.078,-0.594148,0.0830458
745.576,-0.122126,2.08927
746.074,0.132775,2.28231
746.572,0.386938,0.553676
747.07,-0.653346,-0.452548
747.568,0.325553,0.666371
748.066,0.00595282,1.38769
748.564,-0.326613,1.95473
749.063,0.312676,2.20154
749.561,1.43851,0.987806
750.059,0.508501,-0.0750193
750.557,-0.93091,1.4955
751.055,-0.273702,1.19489
751.553,0.343113,0.571639
752.051,1.16566,0.691547
752.549,0.310267,0.0615405
753.047,-0.568211,0.678403
753.545,-0.750813,0.757178
754.043,-1.42688,-0.668562
754.541,-0.761326,0.448769
755.039,0.243429,0.918296
755.537,-0.358986,0.157528
756.035,-0.105062,-0.516242
756.533,-0.111231,-0.854326
757.031,0.64855,-0.345852
757.529,1.21574,-0.852566
758.027,1.16792,-0.998392
758.525,1.80503,-1.13885
759.023,2.32276,-1.74528
759.521,1.64446,-1.08584
760.02,0.529259,0.150089
760.518,0.965685,0.293641
761.016,-0.451229,0.498282
761.514,-0.27949,-0.0390682
762.012,0.341352,0.479389
762.51,1.52838,0.913211
763.008,1.31442,0.141489
763.506,0.38589,1.25333
764.004,0.158155,1.0528
764.502,-0.823141,1.38581
765,1.25007,1.78343
765.498,1.50369,0.889727
765.996,0.890206,0.337534
766.494,1.22202,0.410429
766.992,0.637446,0.463728
767.49,1.03755,0.601143
767.988,0.630972,0.527863
768.486,1.46351,1.49062
768.984,2.3799,0.361022
769.482,0.840818,0.0631531
769.98,0.896609,0.34307
770.479,1.08406,0.304954
770.977,-0.293997,0.782313
771.475,0.768741,2.52937
771.973,0.41653,0.378739
772.471,-1.19361,0.0523171
772.969,-0.844907,0.773486
773.467,-0.0604333,-0.485113
773.965,0.39459,-0.461906
774.463,1.10425,0.697823
774.961,0.764644,0.766545
775.459,-0.820383,-0.555307
775.957,-1.0182,1.1408
776.455,-0.467536,1.62349
776.953,-1.09532,1.54579
777.451,-0.337405,0.280683
777.949,-0.452535,-0.244836
778.447,-1.38003,-0.288266
778.945,-0.905614,-0.0613218
779.443,-0.37723,0.746072
779.941,0.33318,-0.100789
780.439,0.0540967,-0.3909
780.938,0.655393,0.219414
781.436,1.49032,-0.156876
781.934,0.626033,-0.337688
782.432,1.5422,0.411338
782.93,1.82845,-0.594015
783.428,0.280835,-0.669333
783.926,1.19495,-0.00606966
784.424,1.5667,-1.12994
784.922,0.655255,-0.000251217
785.42,0.629618,0.854981
785.918,0.944577,0.120436
786.416,0.308788,0.155881
786.914,0.422544,0.365037
787.412,0.654087,-1.3743
787.91,0.672462,0.0305997
788.408,0.982246,-0.199423
788.906,1.41887,-1.2006
789.404,0.826922,-1.21185
789.902,1.70287,-0.841082
790.4,1.83538,-1.08291
790.898,1.23076,-1.79242
791.396,-0.201182,-0.972855
791.894,-1.13528,-0.969507
792.393,-0.948001,-1.01144
792.891,0.0958117,-1.20774
793.389,0.352406,-0.89867
793.887,-0.102459,-0.586577
794.385,-0.788617,-0.311644
794.883,0.293931,0.477956
795.381,0.117028,1.04451
795.879,-0.899045,1.32831
796.377,-0.563298,-0.0512918
796.875,0.154807,-0.728409
797.373,-0.737268,-1.20671
797.871,-0.527285,-0.422188
798.369,-0.0705846,-0.0490732
798.867,0.101515,-0.294284
799.365,-0.158613,-0.555811
799.863,-0.313859,-0.135807
800.361,-0.616842,0.120021
800.859,-0.621391,-0.589379
801.357,-0.458441,-0.286198
801.855,-0.0165185,-0.431656
802.354,-0.304035,0.0162296
802.852,-0.608412,-0.122372
803.35,-0.294928,1.16148
803.848,0.231056,0.883008
804.346,0.36248,0.0461337
804.844,-0.0656126,-0.615065
805.342,-0.362422,-0.43891
805.84,0.403597,-0.132155
806.338,-0.535442,-0.670555
806.836,-0.725548,0.547591
807.334,0.0455307,-0.611354
807.832,-0.512177,-0.613746
808.33,-0.803348,0.0613228
808.828,-0.416288,-0.478558
809.326,-0.267661,-0.752783
809.824,-0.744497,-0.0220517
810.322,-0.67605,-0.120025
810.82,0.0920124,0.239754
811.318,0.216304,-0.99412
811.816,-0.388508,-2.18307
812.314,-0.405102,-1.33077
812.813,-0.196596,-0.954837
813.31,0.132219,-0.903005
813.809,-0.165334,-1.31643
814.307,-0.624484,-0.395105
814.805,-0.132889,-0.418561
815.303,0.192247,0.179367
815.801,0.00306135,0.251426
816.299,0.0856989,-0.652456
816.797,-0.185373,-0.22366
817.295,-0.671011,0.0482933
817.793,-0.895565,0.576015
818.291,-0.503576,0.0390527
818.789,-0.473277,0.996393
819.287,-0.341276,1.15227
819.785,-0.383659,0.518482
820.283,0.101365,0.859308
820.781,-0.196461,0.234951
821.279,0.131974,0.730307
821.777,-0.357331,-0.0346852
822.275,-1.0355,0.293931
822.773,-0.491073,0.35529
823.271,-0.141172,-0.116961
823.77,-0.65953,-0.125599
824.268,-1.27732,-0.064342
824.766,-1.4503,-0.301005
825.264,-1.23437,-0.796268
825.762,-1.27081,-0.568625
826.26,-1.28074,0.70146
826.758,-0.572266,0.0521024
827.256,-0.645887,-0.186152
827.754,0.020088,0.0119167
828.252,0.185814,-0.378742
828.75,-0.683896,0.0854449
829.248,-0.31423,0.52601
829.746,0.516338,0.0864179
830.244,0.11735,-0.581104
830.742,-0.202293,-0.344971
831.24,-0.38839,-0.484173
831.738,-0.294051,-0.00212503
832.236,0.658582,0.150254
832.734,0.387128,0.422234
833.232,1.09004,0.411684
833.73,0.484001,0.379451
834.229,0.436094,0.461578
834.727,0.642653,0.228161
835.225,-0.529279,-0.15683
835.723,-0.488092,-0.188307
836.221,0.436866,0.131013
836.719,-0.0321153,-0.0285469
837.217,-0.214977,0.86531
837.715,0.0767545,0.197259
838.213,-0.0250417,-0.573058
838.711,-0.494368,-0.504392
839.209,-0.294885,-0.258175
839.707,-0.142895,-0.186921
840.205,-0.47047,0.0410989
840.703,-0.519067,-0.341734
841.201,-0.95461,0.478266
841.699,-0.0995457,0.388919
842.197,-0.0962257,0.17461
842.695,-0.410874,0.808803
843.193,0.270489,-0.0499029
843.691,-0.200675,0.275478
844.189,-0.0532188,0.970955
844.687,-0.0486566,1.33038
845.186,-0.0639507,1.45643
845.684,-0.139573,1.13192
846.182,-0.129001,1.09791
846.68,0.013635,0.418234
847.178,-0.0691768,0.457535
847.676,0.00756669,0.206364
848.174,0.0575931,0.112997
848.672,0.688841,-0.217915
849.17,0.0538319,-0.286201
849.668,-0.175236,0.196485
850.166,-0.256473,-0.0486738
850.664,0.131225,-0.00731228
851.162,0.565775,0.0167882
851.66,0.461711,-0.585255
852.158,0.0254809,-0.405078
852.656,-0.0834041,0
853.154,-0.312562,0.473364
853.652,-0.490892,0.11107
854.15,-0.933788,0.438874
854.648,-0.681607,0.199621
855.146,-0.195797,-0.388945
855.645,-0.413989,-0.539528
856.143,-0.458788,-0.354937
856.641,-0.217373,-0.0898491
857.139,-0.193287,-0.071451
857.637,0.117189,-0.37912
858.135,0.0848389,-0.627711
858.633,-0.193338,-0.750002
859.131,-0.310865,-0.554146
859.629,-0.460187,-0.22854
860.127,-0.451213,-0.493745
860.625,-0.461097,-0.264496
861.123,-0.679612,0.490903
861.621,-0.330898,0.279811
862.119,0.243661,0.12299
862.617,0.321416,-0.185016
863.115,0.475473,-0.10533
863.613,0.553413,0.225735
864.111,0.715832,0.145292
864.609,0.797308,0.529667
865.107,0.148501,0.258034
865.605,-0.0538115,0.475538
866.103,0.113227,0.346186
866.602,0.0778911,-0.235645
867.1,0.138462,-0.0852329
867.598,0.191874,-0.174677
868.096,0.271675,-0.15271
868.594,0.198282,0.148098
869.092,0.0832784,0.261292
869.59,0.283,0.560836
870.088,0.609134,0.297708
870.586,0.28214,0.240422
871.084,0.0199474,0.451345
871.582,0.368399,0.557836
872.08,0.307324,0.364036
872.578,0.488288,0.449176
873.076,1.01842,0.265424
873.574,0.393937,-0.327748
874.072,0.374125,0.0234387
874.57,0.234395,-0.131601
875.068,0.11102,0.459857
875.566,0.401667,0.0921684
876.064,0.00609,-0.31939
876.563,-0.0474294,0.188277
877.061,0.0206922,-0.114999
877.559,0.230602,-0.0592842
878.057,0.58971,0.16083
878.555,0.106201,-0.236967
879.053,0.0925723,-0.234678
879.551,0.167187,-0.237009
880.049,0.056621,-0.323261
880.547,-0.217815,-0.187841
881.045,0.00036076,-0.258406
881.543,0.125472,-0.220314
882.041,-0.0145839,-0.333736
882.539,-0.137562,-0.60914
883.037,0.0147276,-0.127903
883.535,0.135692,-0.182257
884.033,-0.186479,-0.00457971
884.531,0.313992,0.0755813
885.029,0.349877,0.141893
885.527,0.341249,0.056311
886.025,0.311903,-0.12179
886.523,0.249046,-0.212218
887.021,0.118936,-0.333069
887.52,0.05632,-0.148517
888.018,0.205114,-0.381788
888.516,0.390275,-0.254549
889.014,0.187781,-0.205123
889.512,0.233866,-0.323109
890.01,0.0466587,-0.207434
890.508,0.151478,-0.127854
891.006,-0.132259,-0.348408
891.504,-0.026127,-0.0802361
892.002,0.436625,-0.311743
892.5,0.321456,-0.31392
892.998,0.296926,-0.177204
893.496,0.0194123,-0.293732
893.994,0.0617263,-0.207118
894.492,0.0222845,-0.114522
894.99,0.0920281,-0.0522005
895.488,0.0392968,0.115711
895.986,0.064714,-0.0309156
896.484,-0.225706,-0.169155
896.982,-0.0849687,0.0683722
897.48,0.242598,-0.214244
897.978,-0.0830561,0.0964567
898.477,0.0164082,0.0262393
898.975,-0.0549387,-0.0813779
899.473,-0.0923649,0.321302
899.971,0.016755,0.150051
900.469,-0.292151,-0.161956
900.967,-0.317262,-0.0397408
901.465,-0.33303,-0.0414557
901.963,-0.261378,0.150134
902.461,-0.133328,0.153291
902.959,-0.179132,-0.123857
903.457,-0.230208,0.0385594
903.955,0.0734343,0.231931
904.453,-0.0216807,0.0757571
904.951,-0.00720679,0.0873514
905.449,0.197909,0.030675
905.947,-0.122807,0.0419533
906.445,-0.255906,0.148264
906.943,-0.150221,-0.0996269
907.441,-0.603685,-0.447573
907.939,-0.323766,-0.375073
908.438,-0.192261,-0.372189
908.936,-0.253836,-0.163913
909.434,-0.0457117,-0.0376146
909.932,-0.04041,0.147923
910.43,0.178696,0.277407
910.928,0.348591,0.0229189
911.426,0.22917,-0.130899
911.924,0.183067,-0.0146015
912.422,0.0790869,0.0210499
912.92,0.00582063,-0.120509
913.418,0.101992,-0.090458
913.916,0.195169,-0.0388856
914.414,0.0541964,-0.159025
914.912,-0.00680221,0.127788
915.41,0.0764892,0.0254621
915.908,-0.0232351,-0.0856028
916.406,-0.0344723,0.0925148
916.904,-0.109332,-0.0398934
917.402,0.046048,-0.192015
917.9,0.137013,-0.157805
918.398,0.0352581,-0.153174
918.896,-0.136971,-0.0433326
919.394,0.0010954,0.200358
919.893,0.139777,-0.00740391
920.391,0.0944618,-0.0665856
920.889,-0.0822464,-0.062043
921.387,-0.233162,0.0795515
921.885,-0.166258,0.153117
922.383,-0.240937,-0.0728057
922.881,-0.430779,-0.276958
923.379,-0.179907,-0.240037
923.877,-0.0894485,-0.112115
924.375,-0.151441,-0.0368591
924.873,-0.0536955,-0.021947
925.371,-0.226641,-0.0135378
925.869,-0.18822,0.102039
926.367,-0.167664,0.0846992
926.865,-0.18024,0.129653
927.363,-0.0827975,0.153507
927.861,-0.0307584,0.0140392
928.359,-0.113802,-0.0570988
928.857,-0.0829448,0.124358
929.355,0.0298914,0.226509
929.854,-0.0265022,0.322966
930.352,-0.0111742,0.221098
930.85,0.0845131,0.230613
931.348,0.0888751,0.187901
931.846,-0.0371104,0.322417
932.344,0.188147,0.243678
932.842,-0.0281871,0.234666
933.34,-0.0758486,0.200634
933.838,0.0306309,0.115417
934.336,0.0833302,0.115721
934.834,-0.0395086,0.0546964
935.332,-0.0159921,0.0994689
935.83,0.0446098,-0.00808656
936.328,0.0765815,-0.0695475
936.826,0.0301209,-0.0891879
937.324,-0.0788741,-0.0841625
937.822,-0.107785,-0.0263171
938.32,-0.132459,-0.141713
938.818,-0.0850197,-0.121466
939.316,-0.0612839,0.0225476
939.814,-0.0543739,-0.0872957
940.313,-0.0235854,-0.085231
940.81,0.0142362,-0.0669487
941.309,-0.0147308,-0.058105
941.807,-0.00525265,-0.00245318
942.305,0.0885943,-0.0345658
942.803,0.0889023,-0.0734288
943.301,0.0173029,-0.00202746
943.799,-0.0398897,-0.0449342
944.297,-0.0815318,0.0080639
944.795,0.0304723,0.085782
945.293,-0.0434606,-0.0962511
945.791,-0.0160723,-0.0644714
946.289,-0.00323322,-0.0269693
946.787,0.0160759,-0.0604557
947.285,0.0310934,-0.0189807
947.783,0.0947465,0.0394161
948.281,0.116192,-0.0810576
948.779,0.0734462,-0.0128681
949.277,0.147334,-0.0208419
949.775,0.0883531,-0.0557566
950.273,0.160183,0.00165397
950.771,0.0193397,-0.0972422
951.27,-0.0350465,-0.0283944
951.768,4.40397e-005,-0.0407468
952.266,-0.0147876,-0.0482872
952.764,0.0148067,-0.0477532
953.262,-0.0512612,0.011789
953.76,0.0716978,-0.0612034
954.258,0.0700962,-0.0544466
954.756,0.0772518,-0.0322167
955.254,0.0627632,-0.0853753
955.752,0.127278,-0.0450214
956.25,0.0912892,-0.0643693
956.748,0.0515477,-0.041295
957.246,0.00176895,-0.0576686
957.744,-0.0421344,-0.0399169
958.242,-0.0186494,-0.087854
958.74,-0.0248817,-0.0589386
959.238,0.0138638,-0.0167623
959.736,0.0376164,-0.0265548
960.234,-0.0198679,-0.0244126
960.732,-0.0119793,0.0209015
961.23,-0.0205854,0.0549269
961.729,0.0337154,-0.070338
962.227,0.0114319,-0.0614385
962.725,-0.0215721,-0.0519128
963.223,0.00904413,-0.0784079
963.721,-0.0413157,-0.0329237
964.219,-0.0444468,0.0219216
964.717,0.043109,0.0232248
965.215,0.0167021,0.0797753
965.713,0.0291193,0.0248797
966.211,0.0125007,0.00112274
966.709,0.028923,-0.0210337
967.207,0.0321454,-0.0329633
967.705,-2.58644e-005,-0.0302876
968.203,0.0176383,-0.0170161
968.701,0.0119827,-0.0320245
969.199,-0.0418759,-0.0166624
969.697,-0.0367843,-0.039683
970.195,-0.0246473,-0.0575143
970.693,0.0245606,-0.0514115
971.191,0.0255453,-0.0551734
971.689,-0.016,-0.0498011
972.187,0.0343645,0.000465398
972.685,0.0369818,0.0103346
973.184,0.00568712,-0.013481
973.682,0.0378615,-0.0391516
974.18,0.0394688,-0.00053686
974.678,0.0252225,0.0122076
975.176,0.0215227,-0.0340443
975.674,0.00605753,-0.012022
976.172,0.0102436,-0.0216881
976.67,0.0325894,-0.0248089
977.168,-0.0142936,-0.031611
977.666,0.0060438,-0.0209242
978.164,0.0230468,-0.0322987
978.662,0.0062488,-0.00937321
979.16,0.0506434,-0.00639165
979.658,0.0378301,-0.0145245
980.156,0.000699394,-0.000413622
980.654,-0.00129809,0.0213929
981.152,-0.000979494,0.00503331
981.65,-0.00886982,-0.0103957
982.148,-0.0401173,-0.00839003
982.646,-0.018497,-0.00571834
983.145,0.0221394,-0.0173318
983.643,0.0122948,-0.0187585
984.141,-0.00108456,-0.0119728
984.639,0.0086092,-0.0165133
985.137,0.00140533,-0.0143528
985.635,-0.004561,-0.00627347
986.133,0.00273401,0.00471252
986.631,0.0124218,-0.0145009
987.129,0.0138309,-0.0210357
987.627,0.000153968,0.0012417
988.125,-0.00116048,0.0168534
988.623,0.0175398,0.0138676
989.121,0.0157134,0.00118856
989.619,0.0127086,-0.00244548
990.117,0.0146447,0.00893074
990.615,0.00327421,0.00126057
991.113,0.0010086,-0.00292692
991.611,0.00127593,-0.019246
992.109,-0.00257748,-0.0150187
992.607,-0.00620686,-0.0151561
993.105,-0.00391231,0.00474895
993.603,0.0123338,0.0205056
994.102,0.0118253,0.00488401
994.6,0.0104666,-0.00292711
995.098,0.00681768,0.0100751
995.596,0.00896761,8.75288e-005
996.094,0.00205382,-0.0121902
996.592,0.00951338,-0.00216402
997.09,0.0126542,-0.00971028
997.588,0.0141726,-0.0103312
998.086,0.016888,-0.0153419
998.584,0.0146571,-0.0128891
999.082,0.00766188,-0.00434236
999.58,0.00888912,0.00433186
1000.08,0.00454662,0.00194963
1000.58,0.011267,0.00418265
1001.07,0.0147765,0.00327121
1001.57,-0.000143314,0.000212554
1002.07,-0.00428816,0.0015488
1002.57,-0.00101153,0.00107781
1003.07,-0.00446549,0.00333688
1003.56,-0.00052392,0.00323191
1004.06,0.00182969,0.00229102
1004.56,-0.00343654,0.00334159
1005.06,-0.00264992,0.00478743
1005.56,-0.00376728,0.00252174
1006.05,-0.00136495,0.00310342
1006.55,-0.00100251,-2.48704e-005
1007.05,-0.00293445,0.00228394
1007.55,-0.00121758,0.00369612
1008.05,-0.0019739,0.00328915
1008.54,-0.000524624,0.0033164
1009.04,0.0019536,0.00159317
1009.54,0.000178471,-0.000435284
1010.04,-0.0012301,0.000781638
1010.54,-3.52506e-005,0.0028659
1011.04,0.000462368,0.00230384
1011.53,-5.74605e-005,0.00157251
1012.03,0.000907759,0.000446651
1012.53,0.000695133,0.000709161
1013.03,-0.000660883,0.00112184
1013.53,-0.000286513,0.00153894
1014.02,0.000125539,-2.50739e-005
1014.52,-0.000527295,-0.000370844
1015.02,-8.23564e-005,0.000407899
1015.52,1.55336e-005,0.000464103
1016.02,0.000104437,-5.49668e-006
1016.51,2.48471e-005,-0.000135823
1017.01,8.63192e-005,-3.35027e-005
1017.51,-2.21775e-005,1.14417e-005
1018.01,1.98596e-005,-8.43328e-006
1018.51,3.94001e-005,-3.58954e-006
1019,1.9045e-005,8.13659e-006
1019.5,2.35755e-006,1.64346e-006
